SNo,Channel Name,Channel Description,Channel URL,Channel Subscribers,Channel Videos,Channel Views,Channel Creation Date,Thumbnail Path,Email,Social Links
1,BÃºzios Podcast,"",https://www.youtube.com/channel/UCg0T1Neld7CWCq_hD9TE47w,135,13,2515,,BÃºzios Podcast.jpg,"",""
2,PUSH - der Podcast fÃ¼r deutschen Gospelrap!,"Das Podcastformat von Johnny Sox und Jermaine Dobbins jetzt auch auf YouTube!

Hier findest du ausgewÃ¤hlte Interviews, das Gospelrapquiz von und mit Tobi Dos Santos und einiges mehr.

PUSH - der Podcast fÃ¼r deutschen Gospelrap!
powered by Asphalt Diamant
",https://www.youtube.com/channel/UCaXh7S7Yno97RqtuCjbKJnA,34,2,659,,PUSH - der Podcast fÃ¼r deutschen Gospelrap!.jpg,"",""
3,Por Elas Podcast,"",https://www.youtube.com/channel/UCXNtifw9GWEPCSPBiizluVA,496,8,10280,,Por Elas Podcast.jpg,"",""
4,The Backroom Podcast,"Taking a deep dive into the Backroom, where mentally stimulating convos happen that just might change your life. Hosted by @thejorgeco, @i.t.s.a.l, and friends. ",https://www.youtube.com/channel/UCUXJXsXMl8h9LMZ37v2Fqpg,57,2,743,,The Backroom Podcast.jpg,"",""
5,Ã‰ Sobre Isso - Podcast,"",https://www.youtube.com/channel/UCNajsfMHaEv0Hb2cx0ExTgw,194,5,1629,,Ã‰ Sobre Isso - Podcast.jpg,"",""
6,Podcast Pa Dilanti,"",https://www.youtube.com/channel/UCFsQk8eGy9RNCVUtfPxZDJA,19,1,695,,Podcast Pa Dilanti.jpg,"",""
7,EstÃºdio JosÃ© FlorÃªncio Podcast,"Canal de oficial do programa EstÃºdio JosÃ© FlorÃªncio Podcast, realizado no EstÃºdio JosÃ© FlorÃªncio, com apresentaÃ§Ã£o de Samantha Rocha e JosÃ© FlorÃªncio.",https://www.youtube.com/channel/UC_NkKeD69PdlOmXe5vbpEsQ,197,93,12414,,EstÃºdio JosÃ© FlorÃªncio Podcast.jpg,"",""
8,Cotidiano Podcast,"O podcast sobre o cotidiano. HistÃ³rias e humor. Venha ouvir o cotidiano desses dois e de seus convidados.

Todo domingo ao vivo, gravado as quintas.
",https://www.youtube.com/channel/UCl-IPvyac6hL7B_1M4lw4Ww,102,17,1468,,Cotidiano Podcast.jpg,"",""
9,Ã‚ncora Podcast,"Fale com a gente no Instagram: https://www.instagram.com/ancorapodcast/

AnfitriÃµes:
Beto Lemos: https://www.instagram.com/lemos.pdc/
Thiago Lemos: https://www.instagram.com/thiago.pod/

Diretor Comercial: https://www.instagram.com/claudiorobertobarz/

DireÃ§Ã£o Geral: https://www.instagram.com/pedroroleprod/

#ancorapodcast #roleprod
",https://www.youtube.com/channel/UCA_8JNJzbi81tDi-nAdgJeQ,312,28,6711,,Ã‚ncora Podcast.jpg,"","https://www.instagram.com/ancorapodcast/
https://www.instagram.com/lemos.pdc/
https://www.instagram.com/thiago.pod/
https://www.instagram.com/claudiorobertobarz/
https://www.instagram.com/pedroroleprod/"
10,5th Quarter Podcast,"",https://www.youtube.com/channel/UC0Cp2MFP8lAiP4_LvkMvqNQ,41,2,640,,5th Quarter Podcast.jpg,"",""
11,Podcast RenovaÃ§Ã£o,"EndereÃ§o: Rua Gabino Rios, 43 - Porto de Santana, Cariacica - ES, 29153-010

",https://www.youtube.com/channel/UCmfkqPR--sdNp2iu0MUou2w,246,34,6506,,Podcast RenovaÃ§Ã£o.jpg,"",""
12,081 Podcast,"",https://www.youtube.com/channel/UCvHTq-Pj1GxfpGrnSBHJvVw,856,44,35374,,081 Podcast.jpg,"",""
13,Podcast Ilimitado,"",https://www.youtube.com/channel/UCcdWtpdffDpUH6eg1hr7yoQ,407,18,3144,,Podcast Ilimitado.jpg,"",""
14,Trava na LÃ­ngua podcast ,"Canal de Podcast, criado pra aquele bate-papo descontraÃ­do entre amigos.
Gosta de um papo sem Trava na LÃ­ngua?
EntÃ£o se inscreva e curta o nosso canal. 
",https://www.youtube.com/channel/UCTjLcOugvArCH31gUGUt-KQ,385,24,6249,,Trava na LÃ­ngua podcast .jpg,"",""
15,Pro Player PodCast [Oficial],"Pro Player | PodCast
Pro Players da Vida Real..",https://www.youtube.com/channel/UCaCuDpuYE-vGebFDIox8pFA,756,56,17573,,Pro Player PodCast [Oficial].jpg,"",""
16,3POA Podcast,"Welcome to the 3POA Podcast! Hosted by LaserPants (aka Ryan) with Tony Roberts from the Analog Toys Youtube channel and Bobby Vala, creator of the Valaverse Action Force line of action figures.
Join us every other Saturday at 5pm pacific / 8pm eastern as we discuss modern and vintage toy collecting, movies, TV and more pop culture topics!",https://www.youtube.com/channel/UChxf_r_tVvcML3KKz2U7Z1A,1030,31,32939,,3POA Podcast.jpg,"",""
17,Lenga Lenga Podcast,"OlÃ¡, antes de mais nada, iremos explicar qual o sentido de  Lenga-lenga .

O que queremos Ã© uma roda de conversa, tipo um bate papo descontraÃ­do e sem preocupaÃ§Ãµes. Pensando nisso pedimos aos nossos estudiosos para encontrar um nome, apÃ³s dias de muita procura nÃ£o conseguimos encontrar,  os melhores nomes jÃ¡ tinham sido usados ( Podpah ,  Flow  e  ticaracaticast ) foi uma surpresa ao ver que esses jÃ¡ foram usados. Quem diria nÃ©. 

 Ai entra nosso mega apresentador (Marcelo) em seu momento de lucidez  (devido a idade) relembrava a Ã©poca de escola (sim, ele foi...)  ele se sentava ao fundo da sala de aula (jÃ¡ que era um rapazinho bem falador) para conversar com seus amigos e volta e meia a professora esbracejava para eles  Ei ai do fundo vÃ£o parar com essa lenga lenga aÃ­? 
 Nesse momento nosso produtor perguntou o que era lenga lenga, nisso fomos procurar seu significado real, jÃ¡ que nÃ£o era de nossa Ã©poca e vimos que se tratava de  Nada mais do que conversa fiada ou conversa informal. 
",https://www.youtube.com/channel/UCTkspJup_xOa6qvWD5j3Wgg,161,22,3371,,Lenga Lenga Podcast.jpg,"",""
18,3 menos 1 Podcast,"Somos un podcast joven ğŸ™ï¸ğŸ§ğŸ™‹ğŸ»â€â™‚ï¸, estamos chiquitos por ahora pero hablaremos de cine, series y todo lo geek ğŸ¥°",https://www.youtube.com/channel/UCxuByvjnZyjvMEubVLaJ0IQ,64,41,7284,,3 menos 1 Podcast.jpg,"",""
19,PODCAST ERA DJEMBER,"",https://www.youtube.com/channel/UCffqve8yudnS5_zqo3RIo5Q,214,1,157,,PODCAST ERA DJEMBER.jpg,"",""
20,Shinnyo Podcast,"å®Œæ•´å½±ç‰‡åƒ…ä¾›ä¿¡å¾’è§€çœ‹ï¼Œè«‹å¾ç¤¾ç¾¤/ç¾¤çµ„å…¬å‘Šç¶²å€é€£çµ

Shinnyo podcast ä¸Šç·šäº†ï¼

å¤§å®¶éƒ½åœ¨è½podcastçš„äº‹ä½ çŸ¥é“å—ï¼Ÿ
é€™æ˜¯ä¸€å€‹ä»¥è²éŸ³ç‚ºä¸»çš„ç¯€ç›®ï¼Œ
åŒæ™‚ä¹Ÿè®“æˆ‘å€‘é€éè²éŸ³ä¾†æ„Ÿå—ä»–äººçš„æƒ…ç·’ï¼

ä¸è«–æ˜¯ç”Ÿæ´»ç·Šæ¹Šæˆ–è¼•é¬†è‡ªåœ¨çš„ä½ ï¼Œä»»ä½•æ™‚é–“åœ°é»ï¼Œä¹Ÿå¯ä»¥åˆ©ç”¨ä¸Šä¸‹çš„ç­ï¼ˆèª²ï¼‰é€šå‹¤ï¼Œç´„æœƒå‰ç­‰å¾…ã€ç¡å‰....æŠŠæ¡æ™‚é–“ä¾†æ”¶è½ï¼

åªè¦åˆ©ç”¨çŸ­çŸ­å¹¾ååˆ†é˜å°±å¯ä»¥è½åˆ°æ›´å¤šçœŸå¦‚Lifeï¼Œè®“ä½ æ›´è²¼è¿‘çœŸå¦‚~
 
",https://www.youtube.com/channel/UC4fw1lNBJbEJvGIHfv5wmVA,207,0,0,,Shinnyo Podcast.jpg,"",""
21,Digitalize Podcast,"Quem somos
Reunimos as principais empresas digitais para te ensinar o passo a passo da digitalizaÃ§Ã£o do seu negÃ³cio. Se vocÃª quer aprender a vender um produto ou serviÃ§o em sites, redes sociais e aplicativos, seu lugar Ã© aqui.

Acesse materiais e aulas elaborados pelos lÃ­deres do ComÃ©rcio EletrÃ´nico. Nossos professores sÃ£o as prÃ³prias plataformas digitais e redes sociais. Afinal de contas, quem nÃ£o gostaria de aprender com quem desenvolveu a prÃ³pria tecnologia?
",https://www.youtube.com/channel/UCyM-7se7F_0VKqiOtRypHig,49,14,1189,,Digitalize Podcast.jpg,"",""
22,Podcast Barber Limeira,"DIREÃ‡ÃƒO:
 Thyerri - Intagram: https://www.instagram.com/tierre_este...
 Leoncio - Instagram: https://www.instagram.com/leoncioofic...
               
Lives todas as quartas feiras as 19:30h
VÃ­deos todas as segundas feiras as 12:00h

CONTATOS: 
ğŸ“§- leoncioarajo@hotmai.com
ğŸ“§- tierreestevao2@gmail.com
",https://www.youtube.com/channel/UCPVdwCsSMStK-SW8eFoSLBg,1160,24,30632,,Podcast Barber Limeira.jpg,"leoncioarajo@hotmai.com
tierreestevao2@gmail.com","https://www.instagram.com/tierre_este
https://www.instagram.com/leoncioofic"
23,Podcast Akedah,"Seu Canal de Podcast.
Podcast Akedah Vozes Vencedoras!
",https://www.youtube.com/channel/UCUwYejOm94ZB3CT29yGY67g,453,19,11043,,Podcast Akedah.jpg,"",""
24,Podcast Sem Nome ,"",https://www.youtube.com/channel/UCATSkTk8Hpzjg7SuhPcKVRA,91,3,1121,,Podcast Sem Nome .jpg,"",""
25,Viva Podcast,"Um humilde podcast com entrevistados magnÃ­ficos.
VÃ­deos novos toda a semana.

",https://www.youtube.com/channel/UCBhN_ZXEhMueQqvRTxlBkdg,556,21,12069,,Viva Podcast.jpg,"",""
26,LIGHTS OUT PODCAST,"Lights Out Podcast hosted by Bilal Khan.",https://www.youtube.com/channel/UC2Z2nVVpYYcHKUVKgynEB8Q,,18,2994759,,LIGHTS OUT PODCAST.jpg,"",""
27,De Duurzame Podcast,"",https://www.youtube.com/channel/UCT98GG1IlXXcI8xPeJDy0DQ,167,21,3544,,De Duurzame Podcast.jpg,"",""
28,PAANGAT! podcast,"Official channel of â€œPAANGAT!â€ Podcast",https://www.youtube.com/channel/UC4PEKTb9BFDw32qOMtKzxPw,52,1,611,,PAANGAT! podcast.jpg,"",""
29,FenÃ´menos Podcast  ,"",https://www.youtube.com/channel/UC8-QUS3LlOJfbAXcYttKJEA,108000,73,4039701,,FenÃ´menos Podcast  .jpg,"",""
30,Get Dressed Podcast,"",https://www.youtube.com/channel/UCfwiZc8c0osXybDvgR33B5A,78,2,693,,Get Dressed Podcast.jpg,"",""
31,Chin Check Podcast,"Real unfiltered views and commentary on EVERYTHING with lessons and humor

",https://www.youtube.com/channel/UCft2uLA6SQsdeBuakQQUuPg,833,69,46428,,Chin Check Podcast.jpg,"",""
32,AGR Podcast Estudio,"",https://www.youtube.com/channel/UCvno4rwQP3b_S3w874QZDFA,88,1,936,,AGR Podcast Estudio.jpg,"",""
33,Descentralizando Podcast,"",https://www.youtube.com/channel/UCT8biWKfFuTdjAlqM2SZpuQ,153,21,2044,,Descentralizando Podcast.jpg,"",""
34,Caju Podcast,"",https://www.youtube.com/channel/UCmrIVmTRWOn5dwXX-WAtmrA,1020,41,27266,,Caju Podcast.jpg,"",""
35,USFL Podcast,"The USFL Podcast is a show dedicated to covering the United States Football League on a weekly basis. The REF and Zach Keilman will be bringing you all the latest USFL news, rumors, game previews, recaps and much much more... 

We'll be reporting on all eight USFL teams throughout the season, so if you're a fan of the Birmingham Stallions, Houston Gamblers, Michigan Panthers, New Jersey Generals, New Orleans Breakers, Philadelphia Stars, Pittsburgh Maulers or Tampa Bay Bandits; we got you covered!

We hope you join us on our journey to #USFL kickoff and beyond!",https://www.youtube.com/channel/UC6cTlJxJ1k71RHZluopvq9A,2710,72,96536,,USFL Podcast.jpg,"",""
36,Sunhuyn Podcast,"ChÃ o cÃ¡c báº¡n, mÃ¬nh lÃ  Sun. CÃ¡c báº¡n Ä‘ang láº¯ng nghe Sunhuyn Podcast.
Náº¿u cÃ³ nhá»¯ng ngÃ y cáº£m tháº¥y chÃªnh vÃªnh hÃ£y quay vá» Ä‘Ã¢y vÃ  yÃªu láº¥y chÃ­nh mÃ¬nh. CÃ¹ng láº¯ng nghe vÃ  tháº¥u hiá»ƒu.

â« Káº¿t ná»‘i vá»›i Sun:
Podcast: https://anchor.fm/sunhuyn
Youtube Sunhuyn: https://www.youtube.com/sunhuyn95
Fanpage: https://www.facebook.com/sunhuynvlog/
Instagram: https://www.instagram.com/sunhuyn/
TikTok: https://www.tiktok.com/@sunhuynn?

#sunhuynpodcast
",https://www.youtube.com/channel/UCs0e_9h1VqhfvJku59dftKg,58800,54,1711025,,Sunhuyn Podcast.jpg,"","https://anchor.fm/sunhuyn
https://www.youtube.com/sunhuyn95
https://www.facebook.com/sunhuynvlog/
https://www.instagram.com/sunhuyn/
https://www.tiktok.com/@sunhuynn?"
37,Podcast With Hamid,"
Ø±Ø§Ù‡ Ø¨Ø§Ø´ ØªØ®Ø±Ø¬ Ù†Ù‡Ø§Ø¦ÙŠØ§ Ù…Ù† Ø§Ù„Ù…ØµÙÙˆÙØ© Ù…Ø§Ø´ÙŠ Ø´ÙŠ Ø­Ø§Ø¬Ø© Ø³Ø§Ù‡Ù„Ø©
Ùˆ Ø£ØµÙ„Ø§ Ù…Ø§Ø´ÙŠ ÙƒÙ„Ø´ÙŠ Ù‚Ø§Ø¯Ø± ÙŠØ®Ø±Ø¬ØŒ Ø§Ù„ØºØ§Ù„Ø¨ Ø§Ù„Ù„Ù‡ ÙƒØ§Ù†ÙŠÙ† Ø¨Ø¹Ø¶ Ø§Ù„Ù†Ø§Ø³ ØºØ§Ø¯ÙŠ ÙŠØ¨Ù‚Ø§Ùˆ ØªÙ…Ø§.
ÙØ§Ù„Ø£ÙˆÙ„ ØºØ§Ø¯ÙŠ ØªØµØ¯Ù…ØŒ
Ù…Ù† Ø¨Ø¹Ø¯ ØºØ§Ø¯ÙŠ Ø¯ÙˆØ² Ù…Ù† Ù…Ø±Ø­Ù„Ø© Ø§Ù„ØºØ¶Ø¨ØŒ
ØºØ§Ø¯ÙŠ ØªØ­Ø§ÙˆÙ„ ØªØ±Ø¬Ø¹ Ù„Ù„Ù…ØµÙÙˆÙØ© Ù…Ø§ØºØ¯ÙŠØ´ ØªÙ‚Ø¯Ø±ØŒ
ØºØ§Ø¯ÙŠ ØªØ­Ø§ÙˆÙ„ ØªØªÙ‚Ø¨Ù„ Ø§Ù„ÙˆØ§Ù‚Ø¹ ÙˆÙ„ÙƒÙ† Ù…Ø§Ø´ÙŠ Ø¨Ø³Ù‡ÙˆÙ„Ø©ØŒ
ØªÙ‚Ø¯Ø± Ø¯ÙˆØ² Ø£ÙŠØ§Ù… ØµØ¹ÙŠØ¨Ø©ØŒ Ù…Ø«Ù„Ø§ Ø´ÙˆÙŠØ© Ø¯ÙŠØ§Ù„ Ø§Ù„Ø£Ø±Ù‚ Ø§Ù„ÙŠÙ„ÙŠØŒ
ØªÙˆØªØ±ØŒ Ùˆ ØªÙ‚Ø¯Ø± ØªÙˆØµÙ„ Ø­ØªÙ‰ Ø§Ù„Ø¥ÙƒØªØ¦Ø§Ø¨ØŒ
Ù…Ø¹ Ù…Ø±ÙˆØ± Ø§Ù„ÙˆÙ‚Øª Ø¶Ø±ÙˆÙŠ ØªÙ…Ø± Ù„Ù„Ù…Ø±Ø­Ù„Ø© ØªÙ‚Ø¨Ù„ Ø§Ù„ÙˆØ§Ù‚Ø¹ Ø§Ù„Ù…Ø±ØŒ
Ù…Ù† Ø¨Ø¹Ø¯ Ù…Ø§ØºØ¯ÙŠØ´ ØªØ¨Ù‚Ù‰ ØªØ­Ø³ Ø¨Ø§Ù„Ù…Ø±ÙˆØ±Ø©ØŒ ØºØ§Ø¯ÙŠ ØªØ­Ø³ Ø¨Ø§Ù„Ø­Ù„Ø§ÙˆØ© Ø¯ÙŠØ§Ù„ Ø§Ù„Ø­ÙƒÙ…Ø© Ø§Ù„Ø±Ø¯ÙŠØ¨ÙŠÙ„Ø© ØŒ Ù…Ù„ÙŠ ØºØ§Ø¯ÙŠ ØªØ´ÙˆÙ Ø§Ù„Ø£ØºÙ„Ø¨ÙŠØ© Ø¯ÙŠØ§Ù„ Ø§Ù„Ù†Ø§Ø³ Ù…Ø§Ø²Ø§Ù„ Ø¹Ø§ÙŠØ´ÙŠÙ† ÙÙŠ ØºÙŠØ¨ÙˆØ¨Ø©ØŒ ØºØ§Ø¯ÙŠ ØªØ­Ø§ÙˆÙ„ ØªØªÙƒÙ„Ù… ÙˆØªÙÙŠÙ‚ Ø§Ù„Ù†Ø§Ø³ØŒ
ØºØ§Ø¯ÙŠ ØªØ¹Ø§ÙˆØ¯ ØªØ±Ø¬Ø¹ Ø§Ù„ØºØ¶Ø¨ØŒ Ø­Ù‚Ø§Ø´ Ù…Ø§Ø´ÙŠ Ø³Ø§Ù‡Ù„ ØªÙÙŠÙ‚ Ø§Ù„Ù†Ø§Ø³ØŒ Ùˆ Ù‡Ø°Ø§ Ø¬Ø²Ø¡ Ù„Ø§ÙŠØªØ¬Ø²Ø¡ Ù…Ù† Ø§Ù„Ù…ØµÙÙˆÙØ©ØŒ Ùˆ Ø­ØªÙ‰ Ù‡Ùˆ ÙˆØ§Ù‚Ø¹ Ø®Ø§ØµÙƒ ØªØªÙ‚Ø¨Ù„Ùˆ.
Ø¨Ø§Ø´ Ø§Ù„Ø£Ù…ÙˆØ± ØªØ¨Ù‚Ù‰ ØºØ§Ø¯ÙŠØ© Ù…Ø²ÙŠØ§Ù† Ø®Ø§ØµÙƒ Ø¶Ø±ÙˆØ±ÙŠ ØŒ ØªØ­Ø§ÙØ¸ Ø¹Ù„Ù‰ Ø§Ù„Ø¬Ø±Ø¹Ø© Ø§Ù„Ø£Ø³Ø¨ÙˆØ¹ÙŠØ©ØŒ Ø¹Ù„Ù‰ Ø§Ù„Ø£Ù‚Ù„ Ø¨Ø§Ù„Ù†Ø³Ø¨Ø© Ù„Ù„Ù†Ø§Ø³ Ø§Ù„Ù‚Ø¯Ø§Ù…Ù‰ØŒ Ø§Ù…Ø§ Ø§Ù„Ù†Ø§Ø³ Ø§Ù„Ø¬Ø¯Ø¯ ÙÙŠ Ø¹Ø§Ù„Ù… Ø§Ù„Ø±ÙŠØ¯ Ø¨ÙŠÙ„ØŒ Ø¶Ø±ÙˆØ±ÙŠ Ù…Ù† Ø§Ù„Ø¬Ø±Ø¹Ø© Ø§Ù„ÙŠÙˆÙ…ÙŠØ©ØŒ 
Ùˆ Ù…ØªØªÙˆÙ‚ÙØ´ Ø¹Ù„Ù‰ ØªØ·ÙˆÙŠØ± Ø§Ù„Ø°Ø§ØªØŒ Ø³ÙˆÙ‰ ÙƒÙ†ØªÙŠ Ø¬Ø¯ÙŠØ¯ Ùˆ Ù„Ø§ Ù‚Ø¯ÙŠÙ…ØŒ
ÙˆÙ„Ù„Ø­Ø¯ÙŠØ« Ø¨Ù‚ÙŠØ©.
",https://www.youtube.com/channel/UCiP-m6zmGcd0AKpBD8ndjjA,5920,117,354339,,Podcast With Hamid.jpg,"",""
38,Desanonimos Podcast,"Porque ninguÃ©m Ã© anÃ´nimo , todos temos uma histÃ³ria pra contar !",https://www.youtube.com/channel/UC4Uf0rNz3ddZkmanXDIAtfw,2740,197,145839,,Desanonimos Podcast.jpg,"",""
39,Sai da Lama Podcast,"",https://www.youtube.com/channel/UCI4yAgHUgiNKolkHCUMWGSg,1980,122,63798,,Sai da Lama Podcast.jpg,"",""
40,KoÅ¡arkaÅ¡ki podcast sa Lukom i Kuzmom,"KoÅ¡arkaÅ¡ke teme u cilju afirmacije najlepÅ¡eg kolektivnog sporta. Dnevne teme, Evroliga, ABA Liga, NBA i sve ostale aktuelnosti.
 ",https://www.youtube.com/channel/UCZEeXCfyo_ljd_e2o7zxVtw,1770,48,166073,,KoÅ¡arkaÅ¡ki podcast sa Lukom i Kuzmom.jpg,"",""
41,Cortes Blacknite Podcast  [OFICIAL],"Canal de cortes OFICIAL do Blacknite Podcast, o melhor papo gamer da internet!
Podcast apresentado por Blackoutz!
Ao vivo toda terÃ§a feira Ã s 20h em https://twitch.tv/blxckoutz
",https://www.youtube.com/channel/UCGneST-89i5dn0PAnZMx1MA,23500,101,2472824,,Cortes Blacknite Podcast  [OFICIAL].jpg,"","https://twitch.tv/blxckoutz"
42,NoDivÃ£ Podcast,"O NoDivÃ£ PodCast foi criado em 03 de novembro de 2021 em MacapÃ¡- AP, e serÃ¡ apresentado por Nandinha LourenÃ§o e Roberta Fonseca, o programa terÃ¡ a finalidade de abordar assuntos atuais de diversos segmentos, levando entretenimento aos telespectadores. ",https://www.youtube.com/channel/UCUoII01YAMcdLAiIY7b680w,1640,33,16445,,NoDivÃ£ Podcast.jpg,"",""
43,The Dual Position Podcast,"he Dual Position Podcast is your one stop shop for all things Premium NRL Supercoach Content! Hosted by The SuperCoach Whisperer (2x Top 100 Finishes) and BrewSC22 (2021 100th place) we aim to mix the detailed breakdown of the beautiful game with a light hearted approach! Catch us live on Youtube on The Dual Position Channel channel, Sundays and Tuesdays at 7:30pm AEST during the season, or join us on any Podcast Platform.

@SCWhisperer and @BrewSC22 avaliable on Facebook, Twitter and Instagram.
",https://www.youtube.com/channel/UCcLY-2MUUgh05A6XxEKtHxg,1950,74,163547,,The Dual Position Podcast.jpg,"",""
44,Red Robin Podcast,"ğŸ™ An independent Rugby League podcast covering all things ğ—›ğ˜‚ğ—¹ğ—¹ ğ—ğ—¶ğ—»ğ—´ğ˜€ğ˜ğ—¼ğ—» ğ—¥ğ—¼ğ˜ƒğ—²ğ—¿ğ˜€ | Hosted by Chris Johnson and powered by 360 Chartered Accountants and Budget Tyres Autocentre.
",https://www.youtube.com/channel/UCFXuigsDXRtBUdH3ucdPz5Q,269,45,8989,,Red Robin Podcast.jpg,"",""
45,5 Minutos - Cortes Podcast,"Canal de cortes curtos e aleatÃ³rios de vÃ¡rios podcasts.",https://www.youtube.com/channel/UC77f9BZpnKrNd6rG5rp3irg,47300,589,29430668,,5 Minutos - Cortes Podcast.jpg,"",""
46,TÃ´ Salvo PodCast,"âœï¸Com uma visÃ£o de apresentar o evangelho de um jeito cativante,ğŸ¤— impactando vidas e fazendo de cada testemunho pessoal dos entrevistados, uma experiÃªncia pessoal para todos nÃ³s! 
FaÃ§a parte da FamÃ­lia TÃ” Salvo Podcast e seja abenÃ§oado. ğŸ‡§ğŸ‡·ğŸ‡®ğŸ‡±
#Jesusvive #Podcast #famÃ­lia #Deus #sejasalvo #Cruz ",https://www.youtube.com/channel/UCz1_iROSbml2m2_6UfQ6gQQ,903,62,23549,,TÃ´ Salvo PodCast.jpg,"",""
47,Invictus Podcast [Oficial],"Instagram Invictus Podcast - @invictuspodcast.oficial
 
AnfitriÃµes:              
Matias - Instagram @matiaspinheiro1
Fernando - Instagram @fernandojc_chagas    
JosuÃ© - Instagram @josue.neves.75        

âœ‚ï¸ CORTES INVICTUS
https://www.youtube.com/channel/UCqq9SmP-OqebqAghT8k2lHA
",https://www.youtube.com/channel/UC9H_V00D0Z49HC47qBe1Q8g,1740,66,43912,,Invictus Podcast [Oficial].jpg,"","https://www.youtube.com/channel/UCqq9SmP-OqebqAghT8k2lHA"
48,Noix Podcast,"O Noix Podcast Ã© transmitido semanalmente (dois episÃ³dios por semana: Ã s segundas e Ã s quintas-feiras) e rola um bate papo com personalidades que se destacam em suas Ã¡reas de atuaÃ§Ã£o, apresentando conteÃºdo relevante e inspirador para quem nos ouve/assiste.

 
Assine o canal https://www.youtube.com/c/noixpodcast
Instagram: @noixpodcast https://www.instagram.com/noixpodcast/
Facebook - Noix Podcast https://www.facebook.com/noixpodcast/
Spotify - Noix Podcast https://open.spotify.com/show/3aPFjkT...
Deezer - Noix Podcast https://deezer.page.link/ti6A9LzpQ2sk...
 
O Instagram dos anfitriÃµes:
Alan Coutinho https://instagram.com/alancoutinho8?u...  
Victor Macedo https://instagram.com/victormacedo67?...  
Washington Rodrigues https://instagram.com/washingtonrodri...  

ProduÃ§Ã£o:
Gian Moura https://instagram.com/gianmoura.gm?ut...  
Lucas Cardoso https://instagram.com/lucascardosodos...
",https://www.youtube.com/channel/UCw868GqJ6jRKAsPfLSUmU9w,1600,57,41119,,Noix Podcast.jpg,"","https://www.youtube.com/c/noixpodcast
https://www.instagram.com/noixpodcast/
https://www.facebook.com/noixpodcast/
https://open.spotify.com/show/3aPFjkT
https://deezer.page.link/ti6A9LzpQ2sk
https://instagram.com/alancoutinho8?u
https://instagram.com/victormacedo67?
https://instagram.com/washingtonrodri
https://instagram.com/gianmoura.gm?ut
https://instagram.com/lucascardosodos"
49,Podbar Podcast,"PODBAR

O podcast com a cerveja mais gelada do Brasil.

OuÃ§a sem moderaÃ§Ã£o!

--------------------------------------------------------------------------------------
REDES DO PODBAR:

Instagram
@podbar.com.br

Twitter
@podbarpodcast

TikTok
@podbarpodcast

FACEBOOK
https://www.facebook.com/podbar.com.br

SITE
www.podbar.com.br

----------------------------------------------------------------------------------------
ANFITRIÃ•ES:
Gabriel: @gabriel_ricardo14

Gustavo: @gugaminikovski

JoÃ£o: @vantejoao

Thiago: @avallonethi

----------------------------------------------------------------------------------------
PRODUÃ‡ÃƒO: 
Pedro: @heiden.pedro

Paulo: carvalho_paulo047

----------------------------------------------------------------------------------------
DIREÃ‡ÃƒO: 
O que tiver a melhor ideia no dia.
",https://www.youtube.com/channel/UCVgsK7SKm7twtVwtot278rA,1090,94,30173,,Podbar Podcast.jpg,"","https://www.facebook.com/podbar.com.br"
50,Blacknite Podcast [OFICIAL],"O melhor papo gamer da internet! | Podcast apresentado por Blackoutz!
Ao vivo toda terÃ§a feira Ã s 20h em https://twitch.tv/blxckoutz
",https://www.youtube.com/channel/UChUOmb_KG5rKYElMOsN_8YQ,29500,14,552708,,Blacknite Podcast [OFICIAL].jpg,"","https://twitch.tv/blxckoutz"
51,Az Ideias Podcast,"Big da Godoy e Boy Killa receberÃ£o grandes convidados para debater temas polÃªmicos, assuntos da atualidade e com toda a vivÃªncia do CapÃ£o Redondo em um Podcast que veio pra chama Az Ideias.

Sinta-se a vontade para participar da nossa resenha!

Se inscreva no canal, ativa as notificaÃ§Ãµes e jÃ¡ pega um cafÃ© bem quente que  Az Ideias  vÃ£o ser quentes.

#azideiaspodcast #podcast #2022
",https://www.youtube.com/channel/UCxoWC4Yo99081TMSypukz-A,19300,74,737959,,Az Ideias Podcast.jpg,"",""
52,Locked On Stars Podcast,"Every weekday, Dane Lewis brings you the Locked On Stars Podcast. Join in for the latest in-depth Dallas Stars analysis, takes, and chatter. From breakdowns of games and key moments, to divisional and NHL outlooks, to guest interviews and locker room chatter, there's plenty of intriguing and detailed coverage of the Lone Star State's NHL team to cycle through your cranium. Part of the Locked On Podcast Network.",https://www.youtube.com/channel/UCLw9RoIjo9OyfFzls6scRYw,431,246,19363,,Locked On Stars Podcast.jpg,"",""
53,Theteaprint Podcast,"Welcome to Theteaprint podcast, formally known as sip pink. Theteaprint podcast is an extention of Theteaprint brand formally known as Blackteablog. Theteaprint podcast is a place where we provide uncensored commentary on all things pop culture. Don't forget to subscribe before you go!
",https://www.youtube.com/channel/UCDSCaI4R1qkz70SH-Sju_LQ,15700,100,2205807,,Theteaprint Podcast.jpg,"",""
54,novels podcast,"Ø³Ù„Ø§Ù… Ø¨Ù‡ Ú†Ù†Ù„ Ø®ÙˆØ¯ØªÙˆÙ† ÛŒØ¹Ù†ÛŒ NOVELS PODCAST Ø®ÙˆØ´ Ø§Ù…Ø¯ÛŒØ¯.
Ù…Ø§ Ù‡Ø± Ø±ÙˆØ² Ø¨Ø§ Ø¨Ù‡ØªØ±ÛŒÙ† Ø±Ù…Ø§Ù† Ù‡Ø§ Ù‡Ù…Ø±Ø§Ù‡ØªÙˆÙ† Ù‡Ø³ØªÛŒÙ… .
Ø§Ù…ÛŒØ¯ÙˆØ§Ø±ÛŒÙ… Ø¨ØªÙˆÙ†ÛŒÙ… Ù„Ø­Ø¸Ø§Øª Ø®ÙˆØ¨ÛŒ Ø±Ùˆ Ø¨Ø±Ø§ØªÙˆÙ† Ø±Ù‚Ù… Ø¨Ø²Ù†ÛŒÙ….
Ø´Ù…Ø§ Ù…ÛŒØªÙˆÙ†ÛŒØ¯ Ø¨Ù‡ ÙˆØ³ÛŒÙ„Ù‡ Ø³Ø§Ø¨Ø³Ú©Ø±Ø§ÛŒØ¨ Ú©Ø±Ø¯Ù† Ùˆ Ù„Ø§ÛŒÚ© Ú©Ø±Ø¯Ù† ÙˆÛŒØ¯ÛŒÙˆ Ù‡Ø§Ù…ÙˆÙ† Ø¨Ù‡ Ù…Ø§ Ø§Ù†Ø±Ú˜ÙÛŒ Ùˆ Ø§Ù†ÛŒÚ¯Ø²Ù‡ Ø¨ÛŒØ´ØªØ± ÙˆØ§Ø³Ù‡ Ø§Ø¯Ø§Ù…Ù‡ Ø±Ø§Ù‡ Ø¨Ø¯ÛŒÙ†â¤ï¸ğŸ™
",https://www.youtube.com/channel/UCMteF4I9_WteDAwwKC_ciKA,,270,157087,,novels podcast.jpg,"",""
55,Inconsciente Soberano Podcast,"SOBRE O INCONSCIENTE SOBERANO:
Somos todos Ãºnicos e todos temos histÃ³rias para compartilhar.
O que une nossa comunidade Ã© a coragem de desafiar padrÃµes.
A nossa forÃ§a nÃ£o vem das semelhanÃ§as, mas das nossas diferenÃ§as!
Mesmo com tantas porradas da vida, a gente segue firme, interessados, curiosos, resilientes.
Venha fazer parte dessa comunidade!

https://linkr.bio/4k9zm
",https://www.youtube.com/channel/UCS_boMJECYNFYM3IXSfLjTQ,165,31,4917,,Inconsciente Soberano Podcast.jpg,"","https://linkr.bio/4k9zm"
56,Noir Podcast,"Onde a divergÃªncia enriquece e nÃ£o divide! Dois amigos com visÃµes e mundos diferentes, um progressista e um conservador que conseguem enxergar mais do que a polarizaÃ§Ã£o e raÃ§a entre si. ğŸ•´ğŸ¾

ğŸ“¬ CAIXA POSTAL
80154 | CEP: 03350-970 | SÃ£o Paulo - SP
(Especificar que Ã© pro Noir)

ğŸ“© Para patrocÃ­nio e parcerias:

comercial@goldenpill.com.br

ANFITRIÃ•ES:
Felipe Flip- Instagram @felipeflip
                     - Twitter @felipeflip__

Paulo Cruz - Instagram @paulocrusphi
                    -  Twitter @paulocrusphi

DIREÃ‡ÃƒO E PRODUÃ‡ÃƒO:

Cristian

Vane Barreto - Instagram @brvane7

âœ‚ï¸ CANAL DE CORTES DO NOIR
https://www.youtube.com/channel/UCK9VMmxC_e5DDr_0mNwkr0g/featured
",https://www.youtube.com/channel/UC49AXYRJpDmPR5DEKFexdbw,23900,86,629004,,Noir Podcast.jpg,"comercial@goldenpill.com.br","https://www.youtube.com/channel/UCK9VMmxC_e5DDr_0mNwkr0g/featured"
57,The Liquidator Podcast,"Asia, America, Africa, Europe - wherever the sport is, I'm there.

A football and boxing live streaming channel covering National Team, Premier League and more leagues across the globe. Including watchalongs, match reactions and general football content, be sure to subscribe to the channel to join the fun.

I am a normal English guy trying to learn about the game outside of the UK, join the chat for my live videos to contribute to the banter and football analysis.

Feel free to contact me on my socials for feedback and match recommendations and of course, do not forget to like and subscribe my good friends.
",https://www.youtube.com/channel/UCYvjBFuRaufvL5h2Xgsq1hg,3550,91,1081557,,The Liquidator Podcast.jpg,"",""
58,70x7 podcast,"",https://www.youtube.com/channel/UCbuThFPIAHxaTZHNolz39NA,563,42,12316,,70x7 podcast.jpg,"",""
59,Dus 2 Podcast,"",https://www.youtube.com/channel/UCI7mmxzoMwBwaVyC4hMC37Q,5080,49,122057,,Dus 2 Podcast.jpg,"",""
60,Workin' On It Podcast Highlights,"Hosted by Meghan Trainor and Ryan Trainor. New episodes every Wednesday.




",https://www.youtube.com/channel/UCGk7d8tLOV8qBmLR7o375RQ,5030,39,23365,,Workin' On It Podcast Highlights.jpg,"",""
61,Teachers Off Duty Podcast,"",https://www.youtube.com/channel/UCkLUQ2TIUuuaRfNP3VwHR5A,432000,421,121565593,,Teachers Off Duty Podcast.jpg,"",""
62,De Lavada Podcast,"O De Lavada chega para trazer histÃ³rias e notÃ­cias do mundo da bola em formato leve, sempre com um convidado diferente, que vai contar um pouco de suas experiÃªncias. 

Aqui vocÃª encontra alegria, descontraÃ§Ã£o e muita informaÃ§Ã£o. 

Tudo reunido em um Ãºnico podcast! âš½  ğŸ™ ğŸ¥³  ğŸ» ğŸº 

Nossas Redes Sociais e Canal de Cortes estÃ£o no ar. 

Corre lÃ¡ para se inscrever e nÃ£o perder os melhores momentos.  
ğŸ‘‡ğŸ»ğŸ‘‡ğŸ»ğŸ‘‡ğŸ»
",https://www.youtube.com/channel/UCN_Hun8qwR6ifFHT-GT2YSA,21500,43,633709,,De Lavada Podcast.jpg,"",""
63,Lucky Lefty Podcast Network,"Former Notre Dame quarterback. Malik Zaire and Shaun Davis discuss Notre Dame football and other news around college football.   We Spin It Different . 

featuring Onora Whisky: onorawhiskey.com
featuring Fashion Geek: alonzojackson.com

follow Lucky Lefty on Instagram and Twitter
@LuckyLeftyPod

Subscribe, Share, Like and hit the notification bell.

Also available on Apple podcasts on  A2S Network .
",https://www.youtube.com/channel/UC8ODsA8sUWmoFWQHltBESAQ,2360,220,328236,,Lucky Lefty Podcast Network.jpg,"",""
64,The Nikki Glaser Podcast,"The Nikki Glaser Podcast is your daily companion and BFF that is real, fast-paced, and peppered with Nikkiâ€™s sense of humor and honesty to keep you sane, well-informed and laughing through life. Every Monday through Thursday, tune into comedian and infamous roaster Nikki Glaserâ€¯ as she provides a fun, brutally honest look into current pop-culture and her own personal life.


",https://www.youtube.com/channel/UCv56vKUY_59gXVFe0bRL8og,10100,179,823002,,The Nikki Glaser Podcast.jpg,"",""
65,Locked On Wolverines Podcast,"Know the biggest stories of what's happening in Ann Arbor, with Michigan football and with the Wolverines basketball team, as WolverinesWire/USA Today's Isaiah Hole goes deep into the inner happenings of all things Michigan Athletics on the Locked On Wolverines Podcast, part of the Locked On Podcast Network.",https://www.youtube.com/channel/UCzgOn6PbMRjLuHvw6ie6NIg,1180,129,110283,,Locked On Wolverines Podcast.jpg,"",""
66,The Fishing After Dark Podcast,"This is the official YouTube channel for the Fishing After Dark podcast featuring the Beard and the Badge (a.k.a. LOJO and AYO Fishing). Follow along with us as we take on the world of fishing and outdoors channels on YouTube with some of the BIGGEST names in the space!!",https://www.youtube.com/channel/UC5V8cLyXqMNwR1pJPhuCXXw,21900,27,1058729,,The Fishing After Dark Podcast.jpg,"",""
67,The Players Club Podcast,"THE PLAYERS CLUB is a weekly college football video podcast hosted by former Clemson running back Darien Rencher. Itâ€™s a player-only perspective on whatâ€™s going on in college football both on and off the field. This isnâ€™t a place for journalists or has-beens to spit hot takes in search of clicks. Rather itâ€™s a much-needed space for the athletes themselves to speak their minds and offer refreshing firsthand perspectives on the sport they love and play.

The players you love on the field are welcoming you to join them in a conversation off it, The Players Club.

THE PLAYERS CLUB ON SOCIAL
Follow The Players Club on Instagram: https://www.instagram.com/theplayersc...
Follow The Players Club on Twitter: https://twitter.com/playersclub_pod
Follow Darien on Instagram: https://www.instagram.com/d_rench/
Follow Darien on Twitter: https://twitter.com/D_Rench_

This is an Embassy Row Production. For Brand Partnership Inquiries contact Alyssa Lanza | alanza@embassyrow.com
",https://www.youtube.com/channel/UCOKfow008xMzbc2wJeuOCcQ,3400,24,122336,,The Players Club Podcast.jpg,"alanza@embassyrow.com","https://www.instagram.com/theplayersc
https://twitter.com/playersclub_pod
https://www.instagram.com/d_rench/
https://twitter.com/D_Rench_"
68,Fool Coverage Podcast,"",https://www.youtube.com/channel/UCKlJLwZV472zWlO9eQv4RGg,112000,44,7780604,,Fool Coverage Podcast.jpg,"",""
69,Papo de Cria Podcast,"Siga a gente no instagram! 

Na apresentaÃ§Ã£o: 
Rafael Rocha  http://www.instagram.com/rafaelpapodecria 
BiscoitÃ£o http://www.instagram.com/biscoitaopapodecria

Instagram do Podcast http://www.instagram.com/papodecriapdc
",https://www.youtube.com/channel/UCu-IL6WTA3wwKVcmJIfoJYg,,125,1121754,,Papo de Cria Podcast.jpg,"","http://www.instagram.com/rafaelpapodecria
http://www.instagram.com/biscoitaopapodecria
http://www.instagram.com/papodecriapdc"
70,Bolder Podcast,"O Bolder Podcast procura trazer pessoas de diversas Ã¡reas para conversar sobre conteÃºdo principalmente relacionado a intercÃ¢mbio, viver fora do Brasil, empreendedorismo e finanÃ§as. ComeÃ§amos falando sobre o inÃ­cio da vida na Irlanda e depois partimos mais para a Ã¡rea de cada pessoa.
",https://www.youtube.com/channel/UCe8h7zh7mLCpvOC-Bmaz1gQ,5930,156,250386,,Bolder Podcast.jpg,"",""
71,NA MINHA Ã‰POCA PODCAST,"Seja bem vindo ao NA MINHA Ã‰POCA PODCAST
ğŸ”¹
Quem nunca sonhou em conversar com aqueles artistas que marcaram a nossa infÃ¢ncia? 
ğŸ”¸
Um canal idealizado e apresentado por Victor Sarro, para um papo de idolo e fÃ£.
ğŸ”¹
Se vocÃª Ã© cringe, seu lugar Ã© AQUI!
",https://www.youtube.com/channel/UCDN9wgy_tcD3EUuZp4I2JqA,38200,24,1587137,,NA MINHA Ã‰POCA PODCAST.jpg,"",""
72,TIMEOUT Podcast,"TIMEOUT Podcast. A TheVR Podcastje.",https://www.youtube.com/channel/UCTY9vSAwOVsXw1lE1vBD0Hg,79300,8,1453222,,TIMEOUT Podcast.jpg,"",""
73,Arrowhead Addict: A Kansas City Chiefs Podcast,"FanSided's Arrowhead Addict Podcast discusses the latest Kansas City Chiefs news, analysis and more from the staff at ArrowheadAddict.com

Go Chiefs!
",https://www.youtube.com/channel/UC3CdquRsu60VZcbGMfr1WgQ,4560,130,410440,,Arrowhead Addict: A Kansas City Chiefs Podcast.jpg,"",""
74,Pretty Basic Podcast,"Welcome to Pretty Basic, a weekly podcast hosted by two, twenty-something year old best friends and digital creators, Alisha Marie & Remi Cruz. Each week they welcome listeners into their daily life for a special helping of the tea you're not getting from their wildly popular YouTube channels. From fun lighthearted conversations about dating to sharing their tips on how to feel more confident - each week you'll be left wanting more  content, baby, content.  
",https://www.youtube.com/channel/UCQPAq4FQ9IxSLYtfmrfW-EQ,114000,52,7944182,,Pretty Basic Podcast.jpg,"",""
75,Cortes Podcast xlope,"Esse Ã© um canal de Cortes de Podcast. Principais canais da atualidade estÃ¡ aqui.

cortes podcast,podcast de fluxo,podcast,cortes podpah,cortes do flow,podcast deolane,011 podcast,cortes de podcast,podcast real,como fazer cortes de podcast,canal de cortes podc, GCGKjtjL",https://www.youtube.com/channel/UCQ-0dXYpQxZ5cCR5nezZehw,,395,1437975,,Cortes Podcast xlope.jpg,"",""
76,To Hull and Back Podcast,"To Hull and Back: a footballing podcast discussing all things Hull City!",https://www.youtube.com/channel/UCoDwEN5eS6QRPFQGvNbxi7A,220,33,5097,,To Hull and Back Podcast.jpg,"",""
77,IrmÃ£os Dias Podcast,"Canal OFICIAL  IrmÃ£os Dias Podcast . Aqui vocÃª encontrarÃ¡ alÃ©m das entrevistas completas, TODOS os cortes e shorts das entrevistas.


",https://www.youtube.com/channel/UChBtPExX9RjCdmpAizK7ccQ,183000,617,34351443,,IrmÃ£os Dias Podcast.jpg,"",""
78,Mevzuat Podcast,"Mevzuat Podcast YouTube KanalÄ±; yapay zekÃ¢ tabanlÄ± bir eÄŸitim kanalÄ±dÄ±r. Bu kanalda yer alan mevzuatlar, Resmi Gazete'de gÃ¼nÃ¼ gÃ¼nÃ¼ne takip edilmekte ve sÃ¼ratle gÃ¼ncellenmektedir. Bu mevzuatlar hazÄ±rlanÄ±rken son yÄ±llarda yapÄ±lan sÄ±navlardaki detaylar dikkate alÄ±nmÄ±ÅŸ olup mevzuatta Ã¶nem arz eden hiÃ§bir husus gÃ¶z ardÄ± edilmemiÅŸtir. DolayÄ±sÄ±yla bu podcastler, 111. DÃ¶nem Kaymakam AdaylÄ±ÄŸÄ±na GiriÅŸ SÄ±navÄ±na hazÄ±rlanan adaylara yeterli ve temel bir kaynak niteliÄŸindedir. GÃ¶nÃ¼l rahatlÄ±ÄŸÄ±yla dinleyebilir ve izleyebilirsiniz.


",https://www.youtube.com/channel/UCHmx_X4noESIXEkY2VfjowQ,2110,68,81538,,Mevzuat Podcast.jpg,"",""
79,MoneyPlay Podcast,"NÃ£o somos apenas um canal de finanÃ§as, somos um podcast criado para te ajudar a dar um play no seu dinheiro, apresentado pelo educador financeiro Fabricio Duarte.

JÃ¡ recebemos convidados como: Charles Wicz (Economista Sincero), Patricia Lages, Mauro Calil (Academia do Dinheiro), Ricardo Brasil (Ganhando a Vida Adoidado), HelÃ´ Cruz (Stoxos), Didi Aguiar, William Ribeiro, Luiz Fernando Roxo, Luciana Seabra, Pit Money, Jimmy Carvalho etc.

Inscreva-se no canal para ser notificado nos prÃ³ximos episÃ³dios. 
",https://www.youtube.com/channel/UCQLB9QA7pJVKhqugeybeR0Q,5320,301,456068,,MoneyPlay Podcast.jpg,"",""
80,IMNerd Podcast,"Two nerds. One channel.",https://www.youtube.com/channel/UC1CrlO3mbYfZ_qOixzFEZ6w,259,98,8426,,IMNerd Podcast.jpg,"",""
81,FULL SEND PODCAST,"Hosted by Kyle Forgeard & friends.",https://www.youtube.com/channel/UChPuCAEXg7iYkVNjQY1NGYg,1470000,43,132917059,,FULL SEND PODCAST.jpg,"",""
82,From Cairo Podcast ,"Audio podcast available on Anghami, Spotify, Apple Podcasts, Google Podcasts, Stitcher, Amazon Music, Deezer

Our pages:
https://www.tiktok.com/@fromcairopodcast?
https://www.facebook.com/From-Cairo-Podcast-111976887657863
https://www.instagram.com/fromcairopodcast

Contact: fromcairopodcast@gmail.com


",https://www.youtube.com/channel/UCQKiVqWYAXiA323iPYSNIdQ,2220,37,53954,,From Cairo Podcast .jpg,"fromcairopodcast@gmail.com","https://www.tiktok.com/@fromcairopodcast?
https://www.facebook.com/From-Cairo-Podcast-111976887657863
https://www.instagram.com/fromcairopodcast"
83,Podcastex - podcast o latach 90.,"Niekoniecznie nostalgiczny podcast o latach dziewiÄ™Ä‡dziesiÄ…tych. ProwadzÄ… Bartek Przybyszewski (blog  Liczne rany kÅ‚ute ) i Mateusz Witkowski (Popmoderna.pl, blog  Popland ). Wizuale i muzyka: MichaÅ‚ Kozikowski. Grafika profilowa: PaweÅ‚ KuliÅ„ski (Pan Kulka). Czyta: Tadeusz Drozda.",https://www.youtube.com/channel/UCP_vrLsdZN4XNgoxgCxPzhg,2260,54,101400,,Podcastex - podcast o latach 90..jpg,"",""
84,MV Podcast,"O podcast mais brabo da internet.",https://www.youtube.com/channel/UCpxGEVSLGurgqXk8Hm7CGHg,47100,15,1203798,,MV Podcast.jpg,"",""
85,AMF Podcast,"Aakash Mehta and Friends Podcast or as we like to call it AMF!
Every week, Aakash Mehta gets one of his many friends from comedy, music, or different walks of life to talk about their journey and how everything worked out for them! Sometimes the conversation gets so deep that it touches your soul and comes back and sometimes it will make you laugh until fall off your chair. Either way, AMF will make sure you have a great time with us!

You can listen to the podcast on Spotify, Apple Podcasts, Amazon Music and also reach out to us : podcasts@lasoonlive.com
",https://www.youtube.com/channel/UCU0kRTzy3f6XeLqSIIt8eMw,4860,84,427517,,AMF Podcast.jpg,"podcasts@lasoonlive.com",""
86,CP - Cortes Podcast,"Canal com os melhores cortes de Podcast!",https://www.youtube.com/channel/UCAsE59Df6WYNPOh5_eg_WoQ,2680,298,1503239,,CP - Cortes Podcast.jpg,"",""
87,SantoFlow Podcast,"Podcast CatÃ³lico administrado pelo comunicador e missionÃ¡rio Guto Azevedo. EpisÃ³dios semanais ao vivo e presenciais. ",https://www.youtube.com/channel/UC7_YdQMBjtcorD6ALKCoyPQ,99900,506,6885669,,SantoFlow Podcast.jpg,"",""
88,Geraes Podcast,"Papos gerais com gente das Geraes.

Conversas descompromissadas com mineiros de valor. ConheÃ§a as histÃ³rias e as curiosidades por trÃ¡s do sucesso de pessoas de impacto que compartilham da nossa mineiridade.

Realizado por: BendizÃª
@estilobendize

arte | mÃºsica | entretenimento | moda | impacto social
",https://www.youtube.com/channel/UC-O92O60dDUOCkW3iTh3ebw,,87,28154,,Geraes Podcast.jpg,"",""
89,AH PODCAST,"WELCOME TO AH PODCAST!
",https://www.youtube.com/channel/UCdsw5lnMquQplEyqP6UxTVA,578000,23,17131449,,AH PODCAST.jpg,"",""
90,Cortes Podcast One,"Seja muito bem vindo ao Canal Cortes Podcast One.  
Somos um canal dedicado ao compartilhamento de conteÃºdo exclusivo dos principais canais de podcast do Brasil. 
Esperamos que curtam este conteÃºdo.

Deixamos aqui nossos agradecimentos aos podcasts e seus idealizadores, que alÃ©m de promover conteÃºdo de qualidade, permitir o compartilhamento e disseminaÃ§Ã£o da cultura, informaÃ§Ã£o e entretenimento.  
Caso considerem a remoÃ§Ã£o de algum conteÃºdo imprÃ³prio, por gentileza enviar um e-mail que faremos a remoÃ§Ã£o imediata.
",https://www.youtube.com/channel/UCklucZlmXSQoBgbr730oQIg,128000,2189,63767279,,Cortes Podcast One.jpg,"",""
91,Taverna Podcast,"Toda semana o Taverna recebe convidados ilustres de FernandÃ³polis e regiÃ£o para uma conversa leve e descontraÃ­da!
",https://www.youtube.com/channel/UCo2m83OZH7LYwvEgfS6FY8g,1390,97,37750,,Taverna Podcast.jpg,"",""
92,TMI Podcast KE,"The Messy Inbetween Podcast! - Honest conversations about life as it is. Messy. 

Hosted by Lydia K.M. and Murugi Munyi",https://www.youtube.com/channel/UC6fVFxrbf0HDRW3B2mdWFGA,65200,53,3351114,,TMI Podcast KE.jpg,"",""
93,Ã“pah Podcast,"Criado em Junho de 2021 em Portugal/Algarve, o Ã“pahPodcast foi concebido para ser um local de diÃ¡logo com liberdade, respeito, clareza, honestidade e bom humor.

ğŸ’ŒDOAÃ‡ÃƒOğŸ’Œ
ğŸ‘‰opahpodcast@gmail.com (PIX)
ğŸ‘‰https://www.paypal.com/donate/?hosted_button_id=X7WXX7CLR4LLW (PAYPAL)

ESPAÃ‡OS DISPONÃVEIS P/ PATROCÃNIO:
1ï¸âƒ£TV: ApresentaÃ§Ã£o da empresa ou serviÃ§o no inÃ­cio do episÃ³dio e logo disponÃ­vel em todo o vÃ­deo.
2ï¸âƒ£Mesa: Material disponibilizado pelo anunciante, em foco na mesa, durante todo o vÃ­deo.
3ï¸âƒ£DescriÃ§Ã£o do episÃ³dio: Texto + Link disponÃ­vel na descriÃ§Ã£o do episÃ³dio.
4ï¸âƒ£PÃ³s-Roll: Seu anÃºncio Ã© inserido no FINAL do episÃ³dio.
5ï¸âƒ£PrÃ©-Roll: Seu anÃºncio Ã© inserido no INÃCIO do episÃ³dio.

ğŸ’–INSTAGRAMğŸ’–

Host: Glauber Moreno, @oglaubermoreno 
â€¢Social Media: Haussiram Filho, @haussiramfilho
â€¢Designer: Carol Laltuf, @eicarolys
â€¢ProduÃ§Ã£o: Fran Moreno, @afranlimamoreno  

",https://www.youtube.com/channel/UCOZBvjeMvW99WLtxBYhMkOw,,69,26715,,Ã“pah Podcast.jpg,"opahpodcast@gmail.com","https://www.paypal.com/donate/?hosted_button_id=X7WXX7CLR4LLW"
94,MÃ“KA Podcast,"BeszÃ©lgetÃ©sek magyarok amerikai kalandjairÃ³l hetente egyszer vasÃ¡rnap dÃ©lben a YouTube-on Ã©s podcast formÃ¡jÃ¡ban a Apple Podcast, Google Podcast, Spotify Ã©s egyÃ©b podcast kÃ¶zvetÃ­tÅ‘ oldalakon.

A MÃ“KA projekt 2020 Ã¡prilisÃ¡ban indult a vilÃ¡ghÃ¡lÃ³n PatkÃ³s Attila Ã©s Kiss  Sizare  PÃ©ter mÅ±sorvezetÃ©sÃ©vel a Facebook-on. A NÃ©lkÃ¼led USA Project videÃ³ premierjÃ©vel indÃ­tottunk kis mÅ±sorunkat. 
Ãltalunk Ã©rdekesnek talÃ¡lt szemÃ©lyekkel beszÃ©lgetÃ¼nk. RemÃ©lve tÃ¶rtÃ©netÃ¼k pozitÃ­v hatÃ¡st gyakorol a kÃ¶zÃ¶nsÃ©gre.

",https://www.youtube.com/channel/UC352BabpKSz_vB2XZYOHMIA,2080,137,343583,,MÃ“KA Podcast.jpg,"",""
95,Podcast,"",https://www.youtube.com/channel/UCrBrYD3duCnbg0a4ofxmcyA,,88,134767,,Podcast.jpg,"",""
96,LÃ­der Podcast,"Podcasts ao vivo, aos sÃ¡bados das 16 Ã s 18 horas. Por aqui, em nosso canal e na rÃ¡dio IrecÃª LÃ­der FM 103,7. ",https://www.youtube.com/channel/UCafriiOGCJ5b9pErefxuQbw,1070,53,43618,,LÃ­der Podcast.jpg,"",""
97,Podcast Connect Cast,"Connect Cast Ã© um Podcast que conecta pessoas interessadas a assuntos interessantes. Nossa intenÃ§Ã£o Ã© trocar uma ideia, se conectando com quem tem ideia para trocar!

Apoie o canal atravÃ©s do botÃ£o VALEU DEMAIS!

Inscreva-se no nosso canal de cortes oficial e acompanhe os principais trechos dos episÃ³dios: https://www.youtube.com/c/CortesdoConnectCastOFICIAL

Instagram: @connect_cast
Host do canal: Alexandre Lemos

",https://www.youtube.com/channel/UCNX-VYQGi_jfErvBN-Ats_Q,28800,128,2616473,,Podcast Connect Cast.jpg,"","https://www.youtube.com/c/CortesdoConnectCastOFICIAL"
98,We Might Be Drunk Podcast,"Sam Morril and Mark Normand ask the question we all ask ourselves after good conversation makes you lose track of how many drinks you have had. We Might Be Drunk Podcast is two New York City comedians telling stories and talking comedy. 

Join the guys every Sunday and share a drink and you might find yourself drunk too.

Become a Patron on Patreon for bonus content each week and get your emails read on the podcast!
",https://www.youtube.com/channel/UCy6A9WMN43DrtBkID7nMXJw,61100,137,5554535,,We Might Be Drunk Podcast.jpg,"",""
99,The Daily Ketchup Podcast,"The official channel for the The Daily Ketchup Podcast.

A news commentary podcast on the latest or weirdest happenings in Singapore and around the world, with a little bit of sauce.

From the people that brought you MOSG and Real Talk.

For business/sponsorship enquiries: singapore.sales@grvty.media
",https://www.youtube.com/channel/UCY6xfL1cyfGQ5RjKR_25x-g,44500,120,6839858,,The Daily Ketchup Podcast.jpg,"singapore.sales@grvty.medi",""
100,The Game Related Podcast," The Game Related Podcast  speaks to everyone in our communities from politicians to former gangsters in an attempt to find solutions to the problems that plagues our urban landscape. Straight out of the Dallas-Fort Worth Metroplex comes one of the most entertaining and empowering Podcast on the airwaves!  The Game Related Podcast  is hosted by Fort Worth community activist, youth advocate, and internet personality Charleston White, Popular Dallas Legend, youth sports coach, internet personality Anthony Dewberry",https://www.youtube.com/channel/UCtlvYWyWNgXC0ZuFsGUNGiA,8800,108,627499,,The Game Related Podcast.jpg,"",""
101,Link Podcast,"O Link Podcast Ã© apresentado pelos jornalistas e apresentadores de TV Reinaldo Gottino, Matheus Baldi e Lucas Selfie.

Aqui vocÃª acompanha o que hÃ¡ de melhor no mundo do entretenimento, em conversas com grandes personalidades da mÃºsica, da televisÃ£o, da internet, do esporte e muito mais.

Fique Linkado. Inscreva-se no canal!
",https://www.youtube.com/channel/UCKmWDwRRI-B8tE6dflSkmxg,158000,1483,11164568,,Link Podcast.jpg,"",""
102,Lorota Podcast,"Um papo descontraÃ­do sobre tudo!
Casters: @lodrongustavo @felipealves @luisfelipeschettini
Background: @Joaopaulodias
",https://www.youtube.com/channel/UCDjsmmQywNRdbL3_bt_zbUg,810,335,29811,,Lorota Podcast.jpg,"",""
103,Podcast Dentro de Contexto,"Cortes engraÃ§ados e muito bem editados",https://www.youtube.com/channel/UCTbdSDudUhVyDeBJuiNGkrQ,4590,238,701307,,Podcast Dentro de Contexto.jpg,"",""
104,Two Brothers Cortes Podcast!,"Canal de cortes (NÃ£o Oficial) dos melhores podcasts BRs, vÃ­deos DIÃRIOS SE INCREVA!

cortes podcast,flow podcast,podcast,cortes do flow,cortes podpah,cortes do podpah,como fazer cortes de podcast,podpah podcast,melhor podcast,ouvir podcast,froid podcast,podcast igao e mitico,cortes flow,podcast brasileiro,cortes de podcast,canal de cortes podcast,canal de cortes,flow cortes,como criar canal de cortes,como criar um canal de cortes,como fazer um canal de cortes,como fazer cortes,dinheiro com podcast


",https://www.youtube.com/channel/UCDFKM4uJEfQpU7D90U0IMnw,,239,21580,,Two Brothers Cortes Podcast!.jpg,"",""
105,The Nick Bahe Podcast,"After four seasons playing Division 1 basketball and making it to the NCAA tournament three times, Nick Bahe hung up his basketball shoes and spent the next decade on the radio sharing his unparalleled perspective covering all things Nebraska sports. Today, Nick is a National College Basketball Analyst for Fox Sports and hosts his own podcast to talk about the world of college sports with well-known experts and some of his closest friends. While his roots to the state of Nebraska run deep and frequently have him discussing the Huskers and Bluejays still, on his podcast you can expect to hear a unique and entertaining perspective on the biggest stories in the sports world each week. This is going to be fun!

",https://www.youtube.com/channel/UCVYpXOm3EVbwR2O3RAsTcQQ,1760,37,80393,,The Nick Bahe Podcast.jpg,"",""
106,Man On Podcast,"A warm welcome from the lads at the Man On podcast!

In the last 12 months the podcast has grown from Darren hosting it solo for a few episodes to Thomas joining him as co-host for the majority of the 2020/21 season. 

We have now branched out and become a team of four! We have teamed up with two familiar faces, especially within the Gaffr and ChampMan scene in Craig and Martyn. 

The four of us all enjoy playing various Fantasy Football games, be it FPL, SkyFF, Gaffr, ChampMan, ESN and more.

For videos about all of these games amongst four friends having a good laugh and sharing their advice on strategies etc hit the subscribe button. 

Interaction is really important to us so please do leave us comments or questions whenever you like.
",https://www.youtube.com/channel/UCVQ0yoPCR-ojHMOee2b8DMQ,429,105,31051,,Man On Podcast.jpg,"",""
107,Opt Out Podcast,"Welcome to Opt Out, where I sit down with passionate people to learn why privacy matters to them, the tools and techniques theyâ€™ve found and leveraged, and where we encourage and inspire others towards personal privacy and data-sovereignty.",https://www.youtube.com/channel/UCchRxJ9V19KP0I7oYNZ_63g,945,101,12482,,Opt Out Podcast.jpg,"",""
108,Cultura Surf Podcast,"HistÃ³rias Inspiradoras contadas por personalidades do Mundo do Surf! Com uma conversa livre e focada, pessoas que vivem a cultura surf e compartilham um pouco desse incrÃ­vel estilo de vida! ConheÃ§a mais dessa cultura livre, indefinÃ­vel e radical atravÃ©s dos episÃ³dios semanais! 

",https://www.youtube.com/channel/UCOkyGUD7dbBsx4XANtmk1mw,1470,108,46243,,Cultura Surf Podcast.jpg,"",""
109,The Ellen Fisher Podcast,"",https://www.youtube.com/channel/UCFfiRZQBwjtQ9NeocvChO-g,23100,27,712680,,The Ellen Fisher Podcast.jpg,"",""
110,Cortes do Pai Podcast,"Cortes do Pai Podcast Ã© um canal de cortes dos melhores podcasts do momento.
Se vocÃª quiser assistir o podcast na integrada, o link estarÃ¡ na descriÃ§Ã£o do corte.
Cola no pai e se inscreva no canal.
Pega a visÃ£o e ative o sino para receba a notificaÃ§Ã£o quando o pai tiver on (vÃ­deo novo)

",https://www.youtube.com/channel/UCoxkrgPpQRabfAdLixdsb0w,,50,1879,,Cortes do Pai Podcast.jpg,"",""
111,JÃ¡ Cortei Podcast,"Os melhores cortes de Podcast jÃ¡ vistos, se inscreva e ative o sininho.",https://www.youtube.com/channel/UCLtyDxmR_fnwphJCdNzDJ3Q,438,1021,100161,,JÃ¡ Cortei Podcast.jpg,"",""
112,Cortando PodCast,"Para qualquer dÃºvida, solicitaÃ§Ã£o ou sugestÃ£o, envie um e-mail para: canalmusicon21a@gmail.com ou para o contato do canal.",https://www.youtube.com/channel/UCLkT3HPIELrs_FiS1uIvb5Q,5320,60,933,,Cortando PodCast.jpg,"canalmusicon21a@gmail.com",""
113,Isto NÃ£o Ã‰ - PodCast,"Podcasts de temas aleatÃ³rios e conversas.

Toda semana, convidados especiais e pessoas interessantes vÃ£o falar com os apresentadores sobre, suas historias, opiniÃµes, ideias e muito mais.

Com muito humor, muita conversa, devaneios e um pitaco de falta de senso, os apresentadores vÃ£o prender a sua atenÃ§Ã£o.

Equipe 
 
Felipe Torres / Bruno Drone / Rafael Lima / Sara AraÃºjo - Hosts

Joziel Almeida - TÃ©cnica Geral, produÃ§Ã£o e direÃ§Ã£o

Guilherme Garcia - Trilha 

Maicon Barrios - TÃ©cnica

Willian Maran - ProduÃ§Ã£o

Cortes do Isto NÃ£o Ã‰ - PodCast [OFICIAL]

https://www.youtube.com/channel/UCoGY-yPiCj7MxVsyjRcR_cg

PODCAST

Nos ajude a continuar o PodCast, contribua com qualquer valor
PIX - istonaoepodcast@gmail.com

________________________________________

INSCREVA-SE NO NOSSO CANAL, NÃƒO CUSTA NADA E AJUDA MUITO!

https://www.youtube.com/istonaoepodcast

_____________________________
Entre no nosso grupo do Telegram 

https://t.me/joinchat/p_P0i5fLTFVkOTRh



",https://www.youtube.com/channel/UC-jgLOHfbUBZuGwbDvms29Q,49300,194,1994700,,Isto NÃ£o Ã‰ - PodCast.jpg,"istonaoepodcast@gmail.com","https://www.youtube.com/channel/UCoGY-yPiCj7MxVsyjRcR_cg
https://www.youtube.com/istonaoepodcast
https://t.me/joinchat/p_P0i5fLTFVkOTRh"
114,Good Good Podcast,"",https://www.youtube.com/channel/UCADVRJMuJV07vEhGn0DcO_Q,70100,31,2968369,,Good Good Podcast.jpg,"",""
115,Lutz Podcast,"",https://www.youtube.com/channel/UCG0FxF6ByyzbYHl_x40TD4g,50200,76,1764987,,Lutz Podcast.jpg,"",""
116,Us Podcast,"O Us Podcast Ã© um canal onde o convidado Ã© a estrela. Assuntos, temas e perfis super variados em bate-papos divertidos, descontraÃ­dos, informativos e emocionantes. Comente, dÃª a sua sugestÃ£o de convidados.

ConheÃ§a nosso canal de cortes: https://www.youtube.com/channel/UCLdpX3v_OWymO1ISPalhDCg
",https://www.youtube.com/channel/UC-NuZ-oiXK5GCoDBh_wqrcg,2200,110,112844,,Us Podcast.jpg,"","https://www.youtube.com/channel/UCLdpX3v_OWymO1ISPalhDCg"
117,Sense Think Act Podcast,"A long-form, technical podcast about all areas of robotics that is hosted by Audrow Nash and sponsored by Open Robotics.
",https://www.youtube.com/channel/UC2_89LMusoMaEol3MHCeQ_A,212,22,5464,,Sense Think Act Podcast.jpg,"",""
118,TOK SHOW PODCAST,"Tok Show with Remi & Connor is a new commentary podcast series and YouTube that serves as a gathering place for the hottest TikTok creators, celebrities, and fans of the app to collectively explore all the latest happenings on TikTok! Each week, Remi & Connor are joined by guests from an always-fresh list of popular TikTok creators and celebrities to explore the world of TikTok through a variety of rapid-fire games and interactive segments, listener participation, and lively conversations & commentary on the week's biggest TikTok trends and notable videos!",https://www.youtube.com/channel/UCu_wLTqJ4suXf8BNBPgYlfw,186,38,7704,,TOK SHOW PODCAST.jpg,"",""
119,Cortes 011 Podcast [OFICIAL],"Canal oficial de Cortes do 011 Podcast ",https://www.youtube.com/channel/UCOb2Ay4W5gMWxGIYflDf3GA,142000,2853,31348686,,Cortes 011 Podcast [OFICIAL].jpg,"",""
120,Shout Out Podcast,"A weekly episodic podcast where we Shout Out people from all walks of life by inviting them for an in-depth conversation covering a wide range of topics.
The podcast is all about uplifting and promoting our people, itâ€™s all about spreading positive vibes.  

Host: Asalie Peseyie
Editor: Ashemo Ezung


#Naga #Nagaland #Podcast #Shoutout #PositiveVibes #Life",https://www.youtube.com/channel/UC-sprGmYLbhBIR1tSdzhgQw,14600,85,765315,,Shout Out Podcast.jpg,"",""
121,Cometa Podcast,"ğŸ“¬ CAIXA POSTAL
80154 | CEP: 03350-970 | SÃ£o Paulo - SP
(Especificar que Ã© pro Cometa)

ANFITRIÃƒO: 
Young Mascka - Instagram
		@youngmasckaoficial
                         

Bruno Fabil - Instagram
		@brunofabil
                         

âœ‚ï¸ CORTES DO COMETA
https://www.youtube.com/channel/UCjQQFLgrCI0Eg-E9p9_ShUA
",https://www.youtube.com/channel/UCGRO5N_Il8JlEayJkvnrY3A,315000,72,13783974,,Cometa Podcast.jpg,"","https://www.youtube.com/channel/UCjQQFLgrCI0Eg-E9p9_ShUA"
122,011 Podcast,"Resenha e papo reto!
",https://www.youtube.com/channel/UCVN_F2QfWdlxRa_Guuxaz6Q,281000,323,17936999,,011 Podcast.jpg,"",""
123,Fora de Ãrea Podcast,"Fora de Ãrea Ã© um podcast idealizado por Nego Di, humorista, ex-bbb, YouTuber, digital influencer, radialista e ex-membro do Pretinho BÃ¡sico, para entreter o pÃºblico. Para isso, convidou alguns amigos para fazer parte da mesa de bate-papos. SÃ£o anfitriÃµes (hosts) tambÃ©m o ex-jogador de futsal e YouTuber AlÃª Oliveira, ex-comentarista do canal Esporte Interativo e TNT Sports, o jornalista e radialista Duda Garbi, ex-membro do Pretinho BÃ¡sico, Sala de RedaÃ§Ã£o e comentarista da RBS TV e o YouTuber Boleiro. Juntos, irÃ£o debater sobre assuntos do dia-a-dia de cada um,  notÃ­cias atuais sobre esporte, cultura, tecnologia, memes, filmes, sÃ©ries, televisÃ£o, mÃºsica, tendÃªncias, piadas, trotes, parÃ³dias, entre outros. PorÃ©m, com muitas sÃ¡tiras e piadas. Pois nÃ£o hÃ¡ nada melhor que a comÃ©dia para entreter. 


",https://www.youtube.com/channel/UCwsulROvoO0Ia78x_Av_Rlw,68700,63,3002410,,Fora de Ãrea Podcast.jpg,"",""
124,Le 5 Ã  7 Podcast,"Un Pas Pire PodcastğŸ™ï¸

Deux bonnes ricaneuses qui tentent de rÃ©soudre les grands questionnements de la vingtaine, tout en ne sachant pas trop comment elles se sont ramassÃ©es lÃ 
C'est fait pour toi si: 
1. T'es prÃ©sentement dans ta vingtaine
2. T'as 2-3 questions existentielles auxquelles tes parents rÃ©pondent '' Eille coco/cocotte fait toi en pas avec Ã§a, Ã§a vas Ãªtre correct''
3. Tu veux te rappeler des bons souvenirs de ta vingtaine/ t'as des prodigieux conseils Ã  nous faire part en commentaires & en DM
",https://www.youtube.com/channel/UC6VaYmR8OS37ZpVFWk1WxjQ,9080,59,585112,,Le 5 Ã  7 Podcast.jpg,"",""
125,Superteam Podcast,"Superteam is the podcast that explores the web3 ecosystem in India. While we are currently focussed on the Solana ecosystem in our day jobs, the podcast will continue to be multi-chain and generally focussed around web3 and crypto in India. We do not post sponsored content on this channel, and may from time to time disclose any material holdings/investments if the project is being featured on the show.

You can expect to learn new concepts in web3 and get access to our job board. This is NOT meant to guide your investment strategy and featuring a project does not mean we endorse their token.

If you'd like to be featured on the show, send us an email or find us on twitter (https://twitter.com/SuperteamDAO).


Disclaimer:
The information contained herein is for informational and entertainment purposes only. Nothing herein shall be construed to be financial, legal or tax advice. Trading cryptocurrencies poses considerable 
",https://www.youtube.com/channel/UCi-pkXLbm7sqXFhV1NBLUfQ,80500,27,1747682,,Superteam Podcast.jpg,"","https://twitter.com/SuperteamDAO"
126,The Trinomial Podcast,"For official work contact: sadmansadikofficial@gmail.com, enayetchowdhurybusiness@gmail.com

Hello, everyone. This is our podcast channel where we three, the so-called 'underrated' and 'Intellectual' youtubers, share our thoughts on different contemporary topics, as well as...........whatever we want. As we come from three different professional backgrounds, we think the combined discussion, and sharing of experiences on any topic (as long as we know the a_b_cs of it) will give you an exclusive insight that can't be found on an individual or separate platform. At the end of the day, if we can give you the vibe of  Aaaaaaah, this one hour has not been wasted at all , we will consider it as our success.

Happy listening!

Individual channels:

Khalid Farhan: https://www.youtube.com/channel/UCb-d2dCbEt_T-d3qf3oMICw
Sadman Sadik: https://www.youtube.com/c/sadmansadik
Enayet Chowdhury: https://www.youtube.com/channel/UCwIzJ_UWnn1Uc8d1H8nCuUA 
",https://www.youtube.com/channel/UCLU_ZSD373JBRqVNsqHVJFw,61400,49,3859394,,The Trinomial Podcast.jpg,"sadmansadikofficial@gmail.com
enayetchowdhurybusiness@gmail.com","https://www.youtube.com/channel/UCb-d2dCbEt_T-d3qf3oMICw
https://www.youtube.com/c/sadmansadik
https://www.youtube.com/channel/UCwIzJ_UWnn1Uc8d1H8nCuUA"
127,Na Fisgada Podcast,"Na Fisgada PodCast ğŸ™ï¸

Aquele bate papo de pesca.... 
A gente estica a linha e vocÃª recolhe .

Apresentadores
Dinho: @mixbaits
LopÃ£o: @lopao_pescadorzao
Kiko: @kikopescarino
Ale: @aleboiasvagalume 

Instagram: @nafisgadapodcast

Patrocinadores oficiais

@kingbrasiloficial
@pesqueiro_piscicultura_tambury 
@playpesca 
@martimpescadorvalinhos 
@mix_baits 
@ksa_aromas
@sevenfishingoficial
@boiasvagalume
@vican_rolamentos
@paradadopescador655



#podcast
#pesca
#nafisgada
",https://www.youtube.com/channel/UC2B7C55woVE3QIXj6t0VC8A,3390,162,147543,,Na Fisgada Podcast.jpg,"",""
128,The Panda Podcast,"",https://www.youtube.com/channel/UC2384vLkdP8pjcvEJRWZHaw,3580,86,338385,,The Panda Podcast.jpg,"",""
129,KHiM SOK HENG PodCast,"áŸá¼á˜áŸáŸ’áœá¶á‚á˜á“áŸá˜á€á€á¶á“áŸ‹á”áŸ‰á»áŸáŸ’áá·áŸ â€œKHiM SOK HENG PodCastâ€ We inspire what you dream.

ááŸ’á‰á»áŸ†áŸá„áŸ’áƒá¹á˜á™áŸ‰á¶á„á˜á»áá˜á¶áŸ†áá¶ áá¶á˜á€á¶ášá’áŸ’áœá¾áœá¸áŠáŸá¢á¼ášá”áŸáŸ‹á™á¾á„ááŸ’á‰á»áŸ† á¢á¶á…á‡á½á™á±áŸ’á™á”á„á”áŸ’á¢á¼á“á‘á¶áŸ†á„á¢áŸáŸ‹á‚áŸ’á“á¶á‘á‘á½á›á”á¶á“á“á¼áœá…áŸ†ááŸáŸ‡áŠá¹á„ááŸ’á˜á¸áŸ— á‚áŸ†á“á·áá‘áŸáŸ’áŸá“áŸˆá¢á”áŸ‹ášáŸ†á›áŸ’á¢áŸ— á‚áá·á€áŸ’á“á»á„á€á¶ášá…á¶á”áŸ‹á•áŸ’áŠá¾á˜á’áŸ’áœá¾á¢áŸ’áœá¸á˜á½á™ááŸ’á˜á¸ á“á·á„á”á‘á–á·áŸáŸ„á’á“áŸá›áŸ’á¢áŸ— á“áŸ…á€áŸ’á“á»á„á€á¶ášáŸáŸ’áŠá¶á”áŸ‹á”áŸ’ášá€á”áŠáŸ„á™á—á¶á–áŸá”áŸ’á”á¶á™ášá¸á€ášá¶á™ á“á·á„á‘á‘á½á›á”á¶á“á”áŸ’ášáŸá·á‘áŸ’á’á—á¶á–ááŸ’á–áŸáŸ‹ áŸ” á”áŸ’ášáŸá·á“á”á¾á–áŸá‰á…á·ááŸ’á á“á·á„á‚á¶áŸ†á‘áŸ’ášá±áŸ’á™á˜á¶á“á€á¶ášá•á›á·ááœá¸áŠáŸá¢á¼á›áŸ’á¢ááŸ’á˜á¸áŠá¼á…á“áŸáŸ‡á”á“áŸ’ááŸ‚á˜á‘áŸ€á áŸá¼á˜á”á„á”áŸ’á¢á¼á“á‡á½á™ Subscribe, Like á“á·á„ Share á‘áŸ…á€á¶á“áŸ‹á˜á“á»áŸáŸ’áŸá‡á¶á‘á¸áŸáŸ’ášá›á¶á‰áŸ‹á‘á¶áŸ†á„á¢áŸáŸ‹á‚áŸ’á“á¶á•á„áá¶ áŸá¼á˜á¢ášá‚á»á ğŸ˜Š á¢á¶á“áŸáŸ€áœá—áŸ…áŠá¾á˜áŸ’á”á¸á˜á“á»áŸáŸ’áŸá‡á¶á‘á¸áŸáŸ’ášá›á¶á‰áŸ‹ áŠá¾á˜áŸ’á”á¸á€á˜áŸ’á–á»á‡á¶ áŠá¾á˜áŸ’á”á¸á‘á¶áŸ†á„á¢áŸáŸ‹á‚áŸ’á“á¶á•á„áá¶ ğŸ˜Š
",https://www.youtube.com/channel/UC22ErO421PzGv5n_rm3QX6Q,627,29,20110,,KHiM SOK HENG PodCast.jpg,"",""
130,Pulicorn Podcast,"A Pulicorn Podcast egy fenntarthatÃ³ Ã©s filantropikus jÃ¶vÅ‘Ã©rt kÃ¼zd a tudomÃ¡nyos gondolkodÃ¡s szÃ³rakoztatÃ³ Ã¡tadÃ¡sÃ¡val. Ha te is rÃ©szt vennÃ©l ezen az izgalmas Ã©s formabontÃ³ Ãºton, akkor hegyezd a fÃ¼led, mert a Pulicorn megmutatja az irÃ¡nyt!",https://www.youtube.com/channel/UCYhPY8yqltAvFRcOA00yXkA,1160,55,81529,,Pulicorn Podcast.jpg,"",""
131,PodCast Galactico,"Ä±lÄ±.lÄ±llÄ±lÄ±.Ä±llÄ±. ğŸ‘‡ğŸ¼ INSCREVA-SE E JÃ DEIXA O LIKE  Ä±lÄ±.lÄ±llÄ±lÄ±.Ä±llÄ±.
http://bit.ly/PodCastGalactico

Salve Salve FamÃ­lia!
Bem-vindo(a) ao PodCast Galactico, o seu canal de entretenimento!

O PodCast Galactico Ã© um canal de Entretenimento que apresenta os melhores, mais divertidos e engraÃ§ados momentos dos melhores PodCasts pelo Mundo.

Para nÃ³s, ENTRETENIMENTO nunca Ã© demais, entÃ£o VAMOS APROVEITAR!

INSCREVA-SE, E ATIVE O SININHO PARA RECEBER AS NOTIFICAÃ‡Ã•ES DOS PRÃ“XIMOS VÃDEOS!
",https://www.youtube.com/channel/UCmtgoh9N7cyzpCT_xtirUyg,8420,6,7318,,PodCast Galactico.jpg,"","http://bit.ly/PodCastGalactico"
132,Everynightnights Podcast Clips,"Official YouTube Channel for Everynightnights/Snow Tha Product Clips and Reactions",https://www.youtube.com/channel/UCTIXL8P1Tago5Q-Tz5MBFMw,97200,30,7366080,,Everynightnights Podcast Clips.jpg,"",""
133,HITS  Podcast,"ASSUMA O CONTROLE! 

DO SEU PODCAST DE E-SPORTS


Produtora: @MALS.MP4

",https://www.youtube.com/channel/UCXUHLuvVD44TwENN_iLU82g,95700,274,10603319,,HITS  Podcast.jpg,"",""
134,KritikÃª Podcast,"O que as empresas nÃ£o mostram, a gente mostra!

KritikÃª Ã© um termo grego, que significa a arte de criticar. Esse nome foi escolhido para representar o espaÃ§o que temos para falar do dia-a-dia no trabalho de funcionÃ¡rios e lÃ­deres no mundo corporativo. 

Aqui, no KritikÃª Podcast a crÃ­tica Ã© livre! Sinta-se Ã  vontade para dividir suas histÃ³rias, elogiar ou criticar comportamentos, empresas, chefes ou funcionÃ¡rios. 

O KritikÃª Ã© muito mais do que um podcast. Ã‰ cultura empresarial! 

CAIXA POSTAL
80154 | CEP: 03350-970 | SÃ£o Paulo - SP
(especificar que Ã© para o Kritike)

Contato Comercial:
comercial@goldenpill.com.br

Mario Speziano
Instagram: @mariospez
Twitter: @speziano

Diego Baltazar
Instagram: @diegopgbaltazar
Twitter: @diegopgbaltazar

Andre Gaigher
Instagram: @gaigher14
Twitter: @gaigher14

Vinheta: Mario Speziano & Paulo Serafim (composiÃ§Ã£o e produÃ§Ã£o)
",https://www.youtube.com/channel/UC1m1ZZfQYChRZ3aPI6SqZng,32900,157,1727225,,KritikÃª Podcast.jpg,"comercial@goldenpill.com.br",""
135,Minhoca Radio Show Podcast,"Chega mais que toda segunda 21h estamos ao vivo!
(OS EPISÃ“DIOS ANTIGOS ESTÃƒO DISPONÃVEIS PARA TODOS OS TIPOS DE MEMBROS!)

O programa de podcast mais insano que vocÃª jÃ¡ viu.
Toda segunda 21h ao vivo, entrevistando bem e mal diversos convidados.
Quadros diferentes, notÃ­cias exclusivas, e principalmente: humor.

Na nossa live vocÃª verÃ¡ coisas estranhas como:
Show do Minuto
Rap informaÃ§Ã£o 
MÃºsica de segunda
Ouvido absurdo
Esporte de semÃ¡foro 
Game Pru
VocÃª Ã© mais inteligente que um professor de educaÃ§Ã£o fÃ­sica?
Borra ou nÃ£o borra
Desafios alimentares da Renata

Todos os dias o nosso podcast conta com comediantes com o nosso elenco:
Patrick Maia, Nando Viana, Diego Becker, Renata Said, Bruno Romano e Daniel SartÃ³rio

Quem jÃ¡ passou por aqui?
Rodrigo Marques, Afonso Padilha, Igor 3k, Ed Gama, MaurÃ­cio Meirelles, Bento Ribeiro, Yuri Morais, Yasmin Yassine.

NÃ£o perde que esse programa Ã© incrÃ­vel!

Siga a gente Instagram:
@minhocaradioshow


",https://www.youtube.com/channel/UCPJmj0VXTLLicmZan6oULbA,18000,74,563990,,Minhoca Radio Show Podcast.jpg,"",""
136,æ™‚äº‹è‹±æ–‡ Podcast by ssyingwen,"å¹«åŠ©ä½ è½æ‡‚åœ‹éš›æ–°èçš„ podcast ğŸ’ª
æ¯é€±ä¸‰æ›´æ–°ï½
åˆä½œé‚€ç´„ï¼š ssyingwen@gmail.com 
",https://www.youtube.com/channel/UC0Lo4z4_78HSchxSxQ0iqlw,2670,97,37064,,æ™‚äº‹è‹±æ–‡ Podcast by ssyingwen.jpg,"ssyingwen@gmail.com",""
137,Tranks Podcast,"Tranks Podcast sÃ£o partes de assuntos interessantes que rolaram ao vivo no Flow Podcast, Podpah, InteligÃªncia Ltda, Venus Podcast e outros Podcasts do BrasilğŸ™

Inscreva-se no canal para mais conteÃºdo!",https://www.youtube.com/channel/UCA4LrD1b7VXSx2p05Hhsdyg,2740,107,548763,,Tranks Podcast.jpg,"",""
138,AUTENTIC â€¢ podcast,"Un podcast de Biblie È™i Spiritualitate, dedicat celor interesaÈ›i de religia practicÄƒ È™i de transformÄƒri AUTENTICE.

GÄƒseÈ™ti aici, gratuit, poveÈ™ti de viaÈ›Äƒ autenticÄƒ, Ã®n care miracolul Ã®È™i face simÈ›itÄƒ prezenÈ›a la fiecare pas, dezbateri Ã®n care Biblia Ã®È™i aratÄƒ valoarea Ã®n contemporaneitate È™i scurte tutoriale despre cum sÄƒ Ã®l recunoÈ™ti pe AdevÄƒratul Dumnezeu.

PublicÄƒm sÄƒptÄƒmÃ¢nal, aÈ™a cÄƒ nu uita sÄƒ te abonezi pe canalul nostru È™i sÄƒ-È›i activezi clopoÈ›elul pentru a fi Ã®nÈ™tiinÈ›at cÃ¢nd postÄƒm un clip nou, cÃ¢t se poate de AUTENTIC.
",https://www.youtube.com/channel/UCHhow97R9u-pjIn-tTjwjeQ,9910,183,2148286,,AUTENTIC â€¢ podcast.jpg,"",""
139,Genius Bar Podcast,"Though this show is hosted by Jon Prosser (Front Page Tech) and Sam Kohl (iupdate), this is DEFINITELY not an Apple podcast. Nope. Huh uh. New episodes every Monday!

Clips channel: https://www.youtube.com/channel/UCt53CkmnlJDSPE3gJNFTHjQ
",https://www.youtube.com/channel/UCWWFDm96ZEnlIStstBgHF_A,13700,94,874438,,Genius Bar Podcast.jpg,"","https://www.youtube.com/channel/UCt53CkmnlJDSPE3gJNFTHjQ"
140,Lobotomija podcast,"â€Neki ljudi su sazdani tako da moraju teÅ¾im putem jer na lakÅ¡em su jeftina zadovoljstva koja ih usreÄ‡uju, besomuÄno ih troÅ¡e i iscrpljuju.â€œ 

Od kreatora Mentalnog razgibavanja.
Lobotomija podcast je projekat Darka MitroviÄ‡a. 

 


 







",https://www.youtube.com/channel/UCRKSUu9DxakPrYZ4jBE9n3g,26200,45,1220628,,Lobotomija podcast.jpg,"",""
141,Cortes Humor Podcast,"Canal com os cortes das melhores piadocas, histÃ³rias engraÃ§adas, momentos divertidos, compilados e montagens aleatÃ³rias dos maiores podcasts brasileiros.

Aqui vocÃª vai se entreter com todo tipo de humor, desde as piadinhas infames e idiotas de tiozÃ£o, passando pela comÃ©dia de duplo sentido da quinta sÃ©rie atÃ© chegar no humor negro com piadas altamente pesadas que nÃ£o devem ser reproduzidas publicamente. AlÃ©m dos cortes, teremos compilados, ediÃ§Ãµes e montagens completamente malucas (e talvez sem sentido) que visam somente a ironia, sarcasmo e zoeira, nÃ£o tendo a menor intenÃ§Ã£o de menosprezar, humilhar ou ofender qualquer um dos convidados e apresentadores dos Podcasts. Todas as montagens tiradas de contexto possuem aviso em sua descriÃ§Ã£o.

Lembrando que o canal  Cortes Humor Podcast  e o canal secundÃ¡rio  Cortes Super Chat Podcast , assim como todas as redes sociais @cortedehumor, NÃƒO sÃ£o oficiais de nenhum Podcast, mas respeita sempre todas as regras impostas pelos canais oficiais.
",https://www.youtube.com/channel/UCsVVJHOMoawrKUPKB5E05hA,4130,1316,1008969,,Cortes Humor Podcast.jpg,"",""
142,asmRT Podcast,"Hi I'm an Irish Guy named RTGame / Daniel. This is my podcast, where we talk games life and Irish shite

Every episode of asmRT is recorded live on my Twitch Channel each weekend. 
For stream notifications, follow my Twitch channel, Twitter and Discord Server.
Icon and art assets made by Akialyne. She's a smelly nerd: https://twitter.com/akialyne
",https://www.youtube.com/channel/UCv_XCp08F5_kA9tCNyOt6mA,52200,5,367280,,asmRT Podcast.jpg,"","https://twitter.com/akialyne"
143,Tri-Angle Podcast,"",https://www.youtube.com/channel/UCJV66Udh-tskyXmYwGoSavQ,16800,65,951177,,Tri-Angle Podcast.jpg,"",""
144,Dob meg Basszus Podcast,"Late morning show egy dalrÃ³l.
VendÃ©gÃ¼nk a zenekar, mÅ±sorvezetÅ‘ Csorba LÃ³ci Ã©s LÃ©vai BalÃ¡zs.

A podcast tÃ¶rtÃ©nete:
2020-ban LÃ³ci megkÃ©rdezte BalÃ¡zst, hogy nem lehetne-e folytatni a Dob + Basszust, ami a kirÃ¡lyi televÃ­ziÃ³n ment tÃ¶bb mint tÃ­z Ã©vvel ezelÅ‘tt, de egyfajta amerikai tÃ­pusÃº rÃ¡diÃ³s mÅ±sorkÃ©nt. BalÃ¡zs azt mondta, csak akkor, ha megmarad a nyomozÃ¡s: ki lehet-e bontani egy dalbÃ³l az egyÃ¼ttes teljes tÃ¶rtÃ©netÃ©t? LÃ³ci pedig azt mondta, okÃ©, de ahhoz ragaszkodom, hogy legyenek benne jÃ¡tÃ©kok! EgymÃ¡s kezÃ©be csaptak, vettek kÃ©t mikrofont, Ã©s felhÃ­vtÃ¡k a kedvenc egyÃ¼tteseiket.
",https://www.youtube.com/channel/UCoxXaDgVBvyPUGm8Z4YhdDg,2330,46,230181,,Dob meg Basszus Podcast.jpg,"",""
145,Plugado Podcast,"Nossa ideia Ã© abordar assuntos diversos e extrair de nossos convidados histÃ³rias boas que precisam ser contadas de uma forma descontraÃ­da, nÃ£o como uma entrevista e sim como um bate papo. Apresentado por Carlos Mafia, diretor de filmes publicitÃ¡rios com muitos anos de trÃ¡s das cÃ¢meras, mas que diante delas Ã© jovem aprendiz, assim como Rafael Guiso, um jovem talentoso que busca trazer reflexÃµes a respeito dos assuntos abordados e trazer suas compreensÃµes de acordo com sua idade..
Adoramos histÃ³rias motivacionais, cases de sucesso, desenvolvimento pessoal e as diversas Ã¡reas das artes. Inspirar e levar ao nosso pÃºblico alÃ©m do entretenimento conteÃºdo de relevÃ¢ncia que colabore com o desenvolvimento da audiÃªncia.
",https://www.youtube.com/channel/UCKWg1b3e2kBx6BzOcgQD1Cg,10400,49,494419,,Plugado Podcast.jpg,"",""
146,nft now podcast,"nft now is the first dedicated NFT media company, featuring freshly minted news, curation and analysis on how trailblazing artists, collectors and technologists are redefining the creative economy. Join us each Wednesday as we release episodes of the nft now podcast.

To sign up for our newsletter where we simplify the market into actionable insights every week go here: www.nftnow.co

",https://www.youtube.com/channel/UCdwDbxL7N7mc5HW1Q-f0f3w,4110,65,110327,,nft now podcast.jpg,"",""
147,Friderikusz Podcast,"InterjÃºk, portrÃ©k, riportok minden olyan tÃ©mÃ¡rÃ³l, amelyek Friderikusz SÃ¡ndort Ã©rdeklik, hetente egyszer, csÃ¼tÃ¶rtÃ¶k este 8 Ã³rakor a Facebook-on Ã©s a Youtube-csatornÃ¡nkon.
Az utÃ³bbi idÅ‘ben egyre gyakrabban az jutott az eszembe, mi lenne, ha vÃ©gre azzal foglalkoznÃ©k, ami tÃ©nyleg Ã©rdekel. PÃ©ldÃ¡ul ha rendszeresen olyan tÃ©mÃ¡krÃ³l Ã©s olyan emberekkel beszÃ©lgetnÃ©k, amelyek Ã©s akik engem biztosan foglalkoztatnak. Az elmÃºlt mÃ¡sfÃ©l-kÃ©t Ã©vben Ã¶sszegyÅ±jtÃ¶ttem hatszÃ¡znÃ¡l is tÃ¶bb tÃ©mÃ¡t Ã©s szemÃ©lyisÃ©get, tulajdonkÃ©ppen ezeknek a kibeszÃ©lÃ©sÃ©bÅ‘l, bemutatÃ¡sÃ¡bÃ³l Ã¡ll majd a csÃ¼tÃ¶rtÃ¶k estÃ©nkÃ©nt 8 Ã³rakor a facebook-on Ã©s a youtube-on lÃ¡thatÃ³, de bÃ¡rmikor visszanÃ©zhetÅ‘ sorozatom, amit podcast-formÃ¡ban meghallgatni is lehet.

KÃ¶vessenek itt is:
Facebook: https://www.facebook.com/FriderikuszPodcast
Instagram: https://www.instagram.com/friderikuszpodcast
Anchor: https://anchor.fm/friderikuszpodcast 
Spotify: https://spoti.fi/3blRo2g
Google Podcasts: https://bit.ly/3fc7A7t
Apple Podcasts: https://apple.co/3hm2vfi
",https://www.youtube.com/channel/UCQAeX1_gw45xb3Cg-OwEFcw,223000,232,27238648,,Friderikusz Podcast.jpg,"","https://www.facebook.com/FriderikuszPodcast
https://www.instagram.com/friderikuszpodcast
https://anchor.fm/friderikuszpodcast
https://spoti.fi/3blRo2g
https://bit.ly/3fc7A7t
https://apple.co/3hm2vfi"
148,Rajoilla Podcast Duudsonit,"RAJOILLA PODCAST KLIPIT",https://www.youtube.com/channel/UCOo5UrRjt9aE7qjGfAKp3ew,3590,7,81921,,Rajoilla Podcast Duudsonit.jpg,"",""
149,Nacional Podcast,"Nacional Podcast:
 ''O Podcast que vai transformar sua maneira de pensar!''
",https://www.youtube.com/channel/UCFeYCnbiA4yCL24KI_GPZ1g,1090,57,37721,,Nacional Podcast.jpg,"",""
150,LanÃ§a a Braba Podcast,"Podcast apresentado por Andreza Delgado.
EpisÃ³dio novo toda terÃ§a ğŸ”¥
",https://www.youtube.com/channel/UCDq1MKK79VROiSk8mCOULDA,14700,159,1127229,,LanÃ§a a Braba Podcast.jpg,"",""
