SNo,Channel Name,Channel Description,Channel URL,Channel Subscribers,Channel Videos,Channel Views,Email,Social Links
1,Dream Incubator Poscast,"–ü—ä—Ç—è—Ç –∫—ä–º —â–∞—Å—Ç–ª–∏–≤–∏—Ç–µ –ø–æ–Ω–µ–¥–µ–ª–Ω–∏—Ü–∏.
–ü–æ–¥–∫–∞—Å—Ç –∑–∞ –∫–∞—Ä–∏–µ—Ä–Ω–∏—Ç–µ –ø—Ä–æ–º–µ–Ω–∏, –±–∞–ª–∞–Ω—Å—ä—Ç –º–µ–∂–¥—É –∂–∏–≤–æ—Ç –∏ —Ä–∞–±–æ—Ç–∞ –∏ —Ö–æ–±–∏—Ç–∞—Ç–∞ –∫–∞—Ç–æ –ø—Ä–æ—Ñ–µ—Å–∏—è.
",https://www.youtube.com/channel/UC0SEXqsNhaqXnegzsszedww,2,3,9,"",""
2,WEIRD WORLD POSCAST,"Podcast ‡πÄ‡∏•‡πà‡∏≤‡πÄ‡∏£‡∏∑‡πà‡∏≠‡∏á‡πÅ‡∏õ‡∏•‡∏Å ‡πÄ‡∏£‡∏∑‡πà‡∏≠‡∏á‡∏Å‡∏≤‡∏ß ‡πÄ‡∏£‡∏∑‡πà‡∏≠‡∏á‡πÄ‡∏•‡πà‡∏≤‡∏•‡∏∂‡∏Å‡∏•‡∏±‡∏ö Powered By Allterco",https://www.youtube.com/channel/UCleu5I3LdFv-9BCAY7rCqqw,0,2,2,"",""
3,Cortes Poscast,"",https://www.youtube.com/channel/UC3LyNejiuyCb1L5GWWyHH7w,0,2,7,"",""
4,Poscast con Oswaldo,"",https://www.youtube.com/channel/UCk4bq_0SfH27wkfgJ0zrnYQ,35,1,165,"",""
5,poscast da erica,"",https://www.youtube.com/channel/UCtmToZKxZX4XxVLXfJdyo1A,1,1,6,"",""
6,the female mastermind poscast,"This is the YouTube channel for the Spilled Thoughts with Ellallriau podcast. 
Description: Spilled Thoughts with Ellallriau is a podcast hosted by a teen girl called Elle. She talks about her thoughts and whatever she wants, you can call it commentary. Each episode is different with her talking about topics that aren‚Äôt usually talked about or that she finds interesting, ( like social issues or theories)  it is really about her thoughts on any and everything. It‚Äôs a fun place to be.
",https://www.youtube.com/channel/UCH1GT2jtrHXH86hvq0wazpA,2,7,18,"",""
7,Nuestro Poscast,"",https://www.youtube.com/channel/UCwY7V9278jjEGTmCjlLSGvg,39,3,486,"",""
8,Papo Reto Poscast,"",https://www.youtube.com/channel/UCWcfdKze6A5U30F0N9EQtkQ,18,1,59,"",""
9,El Poscast,"Acompa√±anos a conbeber  con nosotros cada semana solo por diversi√≥n. ",https://www.youtube.com/channel/UCw0zswwZTmiuTrwY0phnmZQ,33,12,823,"",""
10,Poscast ,"",https://www.youtube.com/channel/UCOFng9-3WYYiPsTAi7Kpu9Q,2,1,121,"",""
11,El Poscast,"Un podcast de barrio para el barrio donde exponemos cosas de nuestro d√≠a a d√≠a desde una perspectiva peculiar, donde existe el humor, y punto bohemio de los dos conductores.",https://www.youtube.com/channel/UCw_x-6hoo9rAu_eyhLZiH4g,13,2,156,"",""
12,GenZ Poscast,"Ch√∫ng ta c√πng nhau ti·∫øn ƒë·∫øn th√†nh c√¥ng nh√©",https://www.youtube.com/channel/UC7uExHX0142FXNrDBk9ndTQ,0,1,0,"",""
13,CORTSPOD [POSCAST],"Monte seu pr√≥prio negocio online com ajudar da internet.

Acesse o link abaixo e confira 

Link whats:  http://bit.ly/whats-marcos-88",https://www.youtube.com/channel/UCZ4Htb68KZUmB4LVk9ko15w,309,29,474,"","http://bit.ly/whats-marcos-88"
14,El Sports Poscast,"",https://www.youtube.com/channel/UCna_RDzTaAshSKoaSFwYm2w,25,2,188,"",""
15,D√©jate de Hu3v4d@s el Poscast,"",https://www.youtube.com/channel/UCwjLFZ2rccJnLDF4oofBNbA,42,21,1356,"",""
16,Faixas de Poscast,"Canal com as principais faixas de podcast que est√£o sendo realizadas na atualidade.",https://www.youtube.com/channel/UCozhi4CZtbrT_7jqA75rBZA,0,2,3,"",""
17,Cortes de Poscast,"Canal aonde que engloba cortes dos podcast em todo mundo.",https://www.youtube.com/channel/UCmqTh706VXTzvHODMoBo4Ng,0,1,4,"",""
18,Todos los poscast el poscast,"Pr√≥ximamente Todos los poscast el poscast 001 (1 MAYO 2021)


",https://www.youtube.com/channel/UCjQSGfjoX7AyY3jRgJm8XdA,404,2,2509,"",""
19,Madd BlaQue Poscast,"",https://www.youtube.com/channel/UCB7NUs9STlbDB5BGtrZ146g,2,6,25,"",""
20,Dekphee Poscast,"‡∏ä‡πà‡∏≠‡∏á‡∏û‡∏π‡∏î‡∏Ñ‡∏∏‡∏¢‡∏ß‡∏¥‡πÄ‡∏Ñ‡∏£‡∏≤‡∏∞‡∏´‡πå‡∏Å‡πà‡∏≠‡∏ô‡πÅ‡∏Ç‡πà‡∏á‡πÅ‡∏•‡∏∞‡∏´‡∏•‡∏±‡∏á‡πÅ‡∏Ç‡πà‡∏á ‡∏™‡∏≥‡∏´‡∏£‡∏±‡∏ö‡πÅ‡∏ü‡∏ô‡∏ú‡∏µ‡πÇ‡∏î‡∏¢‡πÄ‡∏â‡∏û‡∏≤‡∏∞",https://www.youtube.com/channel/UC7Mb3Z22TBv6EVywdAFgV3A,1,1,10,"",""
21,Un Poscast Menos,"Canal donde subiremos preferencialmente podcast serios sobre la comunidad mexicana de los e-Sports, enfocada en Rocket  League, donde Milo y Lgndary narraran situaciones y/o noticias controversiales sobre este √°mbito",https://www.youtube.com/channel/UCs3mtge4AB9uNUBlHqps_9A,10,1,127,"",""
22,The Banana Boys Poscast,"Group of 3 close friends talking about what‚Äôs on our minds.",https://www.youtube.com/channel/UCbVfh6Q-5z0aEij89OhYDeA,6,1,56,"",""
23,Par De Dos: El Poscast,"El podcast que habla de mucho diciendo poco, tocamos temas de la vidacon base a nuestra experiencia juvenil dandole el toque de una pareja extraordinaria!!!",https://www.youtube.com/channel/UC29GovYUkguWWbroAj4Rx7A,1,1,5,"",""
24,Crown Hoops PoscastÂÜ†ÁØÆ‰ªãÁªç,"È©¨Êù•Ë•ø‰∫ö‰∏≠Êñá NBA Podcast„ÄÇ",https://www.youtube.com/channel/UCTT_TQopSe2iHse8C-qzemQ,9,18,335,"",""
25,Poscast dos Jogos,"ESSE PODCAST E DESTINADO A GAMERS ",https://www.youtube.com/channel/UC3NlfNQnPezntXssoF90sJw,5,1,16,"",""
26,Poscast Adolpho Berezin,"Onde quatro estudantes se re√∫nem e falam sobre assuntos atuais e interessantes sempre com um convidado diferente",https://www.youtube.com/channel/UCzjvuMg1WL2jI0bmtzr_Klw,1,4,59,"",""
27,Jessica‚Äôs Poscast,"THE BEST CHANNEL TO TUNE INTO THE UNDERGROUND. THE BEST SOURCE FOR THE UNDERGROUND.",https://www.youtube.com/channel/UCrxjjNtB_UqyElw_bKo4HfQ,1,2,337,"",""
28,POStalks por POS Potential,"POStalks tiene como objetivo compartir las √∫ltimas tendencias y mejores pr√°cticas en la industria de bienes de consumo y minorista en una serie de podcasts, art√≠culos y entrevistas.

¬°Ponte en contacto con nuestro equipo para unirte a la comunidad y compartir tu historia!
",https://www.youtube.com/channel/UCLGz2auW2mWg7jpu8jfNCSQ,43,70,6189,"",""
29,Los Amigos - Poscast,"omos una manera diferente de expresi√≥n, donde nuestro principal objetivo es que te vuelvas parte de el ‚Äúposcast Los amigos‚Äù.",https://www.youtube.com/channel/UCPDfnnKYbvKuF8ECYtkaQNg,15,6,315,"",""
30,Rompela Poscast,"R√≥mpela Podcast con Isa√≠ Su√°rez. R√≥mpela en tus finanzas, emprendimiento, proyectos y c√≥mo llegar a ser quien quieres ser. Un episodio nuevo cada semana, con experto mentores y amigos de Isa√≠.",https://www.youtube.com/channel/UCJhJcb0__Fdg1xbAFF1H3dQ,9,3,225,"",""
31,The Day ‚Äòn‚Äô Nite Poscast,"",https://www.youtube.com/channel/UCQPW-3wumGi98Bsuho5POQQ,1,1,47,"",""
32,midnight snacks poscast,"In this new podcast, Joe and Gaby look at so many different topics and dissect them from both a male and female perspective! Welcome to the midnight snacks. 

https://linktr.ee/midnightsnacks

Instagram 

Gaby : gabyesteves

joe: _joemaalouf",https://www.youtube.com/channel/UCyIcd5E0vBzwuqpqgYJ6wpA,3,2,37,"","https://linktr.ee/midnightsnacks"
33,Esto no es un poscast.,"Poscast de conversaci√≥n entre dos amigos, para sobrellevar la cuarentena.
Comparini nos cago con el nombre ü§∑üèª‚Äç‚ôÄÔ∏è",https://www.youtube.com/channel/UCZWAKR_MryurTFt3wMHBKfw,5,1,24,"",""
34,Poscast,"Cosi puoi partecipare alla nostra serata letteraria",https://www.youtube.com/channel/UC61d7Gw5kdBcTTClVu_BLNA,11,1,356,"",""
35,El Poscast,"Un podcast semanal donde Mariluz, Poncho y Tony nos har√°n re√≠r a carcajadas con sus p*ndejadas!",https://www.youtube.com/channel/UCmrli8i7lLVreDUKxnFM1tA,7,4,174,"",""
36,Los disc√≠pulos de David POSCAST,"",https://www.youtube.com/channel/UCZipWLSfB5TEcd3d4s7rznw,0,2,14,"",""
37,Holy Poscast,"90s podcast ",https://www.youtube.com/channel/UCo7pYxS25sW5aTUnlOb6VPA,7,2,50,"",""
38,Poscast,"Podcast casual intre 3 prieteni. Uneori si invitati. :)",https://www.youtube.com/channel/UCn8iCAsX9VQbLfSHh0NBPkQ,3,1,28,"",""
39,Poscast,"The Poscast is a pun off the Host's last name  Pos  and the word Podcast. It's been a long time meme in Pos's friend group and I hope you can enjoy it too.",https://www.youtube.com/channel/UCrqtez9odxEGGoYlQEsTUCA,23,7,577,"",""
40,–û–õ–õ –≠–ë–ê–£–¢ | Poscast," –û–õ–õ –≠–ë–ê–£–¢ | –ü–æ–¥–∫–∞—Å—Ç- –∑–¥–µ—Å—å –º—ã –≥–æ–≤–æ—Ä–∏–º –æ–±–æ –≤—Å–µ–º –≤–º–µ—Å—Ç–µ —Å –°–∞–ª—Ç–æ–π. –ò –∑–æ–≤—ë–º –≥–æ—Å—Ç–µ–π –∏ –æ–±—Å—É–∂–¥–∞–µ–º —Å –Ω–∏–º–∏ –æ–±–æ –≤—Å–µ–º(all about).",https://www.youtube.com/channel/UClPKVdu65tYVHYg12AWr6Rw,7,2,47,"",""
41,POScast.de,"Angaben gem√§√ü ¬ß 5 TMG:
Adresse:
POScast UG (haftungsbeschr√§nkt)
Aberthamerstr. 11
89331 Burgau
Gesch√§ftsf√ºhrer: Herbert Streibelt
‚Äã
Kontakt:
Telefon: 040 468 96 44 90
E-Mail: info@poscast.de
‚Äã
Registereintrag:
Eintragung im Handelsregister.
Registergericht: Amtsgericht Memmingen
Registernummer: HRB 16852
‚Äã
Umsatzsteuer ID: DE307021764
‚Äã
Verantwortlich f√ºr journalistisch-redaktionelle Inhalte im Sinne des ¬ß55 Abs. 2 RStV: Herbert Streibelt",https://www.youtube.com/channel/UCj7VyTToi9MLuxTYbjVPIRA,12,13,5427,"info@poscast.de",""
42,La Cebolla Oficial Poscast,"",https://www.youtube.com/channel/UCwnOLT7DsORAwyhpoVewpJQ,1,3,271,"",""
43,The Body Poscast,"Lillian Bustle, a dynamic tri-state burlesque dancer and Liza Poor an actress, mama, and occasional YouTuber team up and discuss all things body positive!",https://www.youtube.com/channel/UCXugIJeoTprl8tnSKkFkvvw,14,3,264,"",""
44,Azzer Poscast,"",https://www.youtube.com/channel/UCsV0uZMT16bNK7qc-pw5i6Q,8,2,86,"",""
45,MR Poscast,"MR PosCast 

HotNews Everyday

Obrolan Ringan Bapak2 di Pos

Please Like, Comment and Subscribe!",https://www.youtube.com/channel/UCKwrACdYFdDgvI9yxUHUgrg,2300,39,3780,"",""
46,Sqwozed Poscast,"",https://www.youtube.com/channel/UChrwcagPb87FJtfgXQu2Cqg,2,4,261,"",""
47,Tibi Poscast,"",https://www.youtube.com/channel/UC7tmazJxPaOYBRFtGw-i9bA,144,3,13625,"",""
48,seiomm,"Canal de Youtube de la SEIOMM, Sociedad Espa√±ola de Investigaci√≥n √ìsea y Metabolismo Mineral.

En este canal podr√° encontrar informaci√≥n sobre la difusi√≥n cient√≠fica de las investigaciones del metabolismo y su repercusi√≥n en la estructura √≥sea del organismo, realizadas en nuestras ponencias y congresos.

Como siempre, nuestra misi√≥n es mejorar la salud y la calidad de vida de la poblaci√≥n desde la perspectiva de las enfermedades metab√≥licas √≥seas y del metabolismo mineral, promocionando su prevenci√≥n y el tratamiento mediante la b√∫squeda de la excelencia en la investigaci√≥n en este campo, as√≠ como en la asistencia a estos problemas cl√≠nicos y facilitar la formaci√≥n de los profesionales involucrados en ella.

Para m√°s informaci√≥n: http://seiomm.org",https://www.youtube.com/channel/UCFLuodRCeMwdCeHDDx6YJsw,82,49,6830,"","http://seiomm.org"
49,Dream Incubator Poscast,"–ü—ä—Ç—è—Ç –∫—ä–º —â–∞—Å—Ç–ª–∏–≤–∏—Ç–µ –ø–æ–Ω–µ–¥–µ–ª–Ω–∏—Ü–∏.
–ü–æ–¥–∫–∞—Å—Ç –∑–∞ –∫–∞—Ä–∏–µ—Ä–Ω–∏—Ç–µ –ø—Ä–æ–º–µ–Ω–∏, –±–∞–ª–∞–Ω—Å—ä—Ç –º–µ–∂–¥—É –∂–∏–≤–æ—Ç –∏ —Ä–∞–±–æ—Ç–∞ –∏ —Ö–æ–±–∏—Ç–∞—Ç–∞ –∫–∞—Ç–æ –ø—Ä–æ—Ñ–µ—Å–∏—è.
",https://www.youtube.com/channel/UC0SEXqsNhaqXnegzsszedww,2,3,9,"",""
50,WEIRD WORLD POSCAST,"Podcast ‡πÄ‡∏•‡πà‡∏≤‡πÄ‡∏£‡∏∑‡πà‡∏≠‡∏á‡πÅ‡∏õ‡∏•‡∏Å ‡πÄ‡∏£‡∏∑‡πà‡∏≠‡∏á‡∏Å‡∏≤‡∏ß ‡πÄ‡∏£‡∏∑‡πà‡∏≠‡∏á‡πÄ‡∏•‡πà‡∏≤‡∏•‡∏∂‡∏Å‡∏•‡∏±‡∏ö Powered By Allterco",https://www.youtube.com/channel/UCleu5I3LdFv-9BCAY7rCqqw,0,2,2,"",""
51,Cortes Poscast,"",https://www.youtube.com/channel/UC3LyNejiuyCb1L5GWWyHH7w,0,2,7,"",""
52,Poscast con Oswaldo,"",https://www.youtube.com/channel/UCk4bq_0SfH27wkfgJ0zrnYQ,35,1,165,"",""
53,poscast da erica,"",https://www.youtube.com/channel/UCtmToZKxZX4XxVLXfJdyo1A,1,1,6,"",""
54,the female mastermind poscast,"This is the YouTube channel for the Spilled Thoughts with Ellallriau podcast. 
Description: Spilled Thoughts with Ellallriau is a podcast hosted by a teen girl called Elle. She talks about her thoughts and whatever she wants, you can call it commentary. Each episode is different with her talking about topics that aren‚Äôt usually talked about or that she finds interesting, ( like social issues or theories)  it is really about her thoughts on any and everything. It‚Äôs a fun place to be.
",https://www.youtube.com/channel/UCH1GT2jtrHXH86hvq0wazpA,2,7,18,"",""
55,Nuestro Poscast,"",https://www.youtube.com/channel/UCwY7V9278jjEGTmCjlLSGvg,39,3,486,"",""
56,Papo Reto Poscast,"",https://www.youtube.com/channel/UCWcfdKze6A5U30F0N9EQtkQ,18,1,59,"",""
57,El Poscast,"Acompa√±anos a conbeber  con nosotros cada semana solo por diversi√≥n. ",https://www.youtube.com/channel/UCw0zswwZTmiuTrwY0phnmZQ,33,12,823,"",""
58,Poscast ,"",https://www.youtube.com/channel/UCOFng9-3WYYiPsTAi7Kpu9Q,2,1,121,"",""
59,El Poscast,"Un podcast de barrio para el barrio donde exponemos cosas de nuestro d√≠a a d√≠a desde una perspectiva peculiar, donde existe el humor, y punto bohemio de los dos conductores.",https://www.youtube.com/channel/UCw_x-6hoo9rAu_eyhLZiH4g,13,2,156,"",""
60,GenZ Poscast,"Ch√∫ng ta c√πng nhau ti·∫øn ƒë·∫øn th√†nh c√¥ng nh√©",https://www.youtube.com/channel/UC7uExHX0142FXNrDBk9ndTQ,0,1,0,"",""
61,CORTSPOD [POSCAST],"Monte seu pr√≥prio negocio online com ajudar da internet.

Acesse o link abaixo e confira 

Link whats:  http://bit.ly/whats-marcos-88",https://www.youtube.com/channel/UCZ4Htb68KZUmB4LVk9ko15w,309,29,474,"","http://bit.ly/whats-marcos-88"
62,El Sports Poscast,"",https://www.youtube.com/channel/UCna_RDzTaAshSKoaSFwYm2w,25,2,188,"",""
63,D√©jate de Hu3v4d@s el Poscast,"",https://www.youtube.com/channel/UCwjLFZ2rccJnLDF4oofBNbA,42,21,1356,"",""
64,Faixas de Poscast,"Canal com as principais faixas de podcast que est√£o sendo realizadas na atualidade.",https://www.youtube.com/channel/UCozhi4CZtbrT_7jqA75rBZA,0,2,3,"",""
65,Cortes de Poscast,"Canal aonde que engloba cortes dos podcast em todo mundo.",https://www.youtube.com/channel/UCmqTh706VXTzvHODMoBo4Ng,0,1,4,"",""
66,Todos los poscast el poscast,"Pr√≥ximamente Todos los poscast el poscast 001 (1 MAYO 2021)


",https://www.youtube.com/channel/UCjQSGfjoX7AyY3jRgJm8XdA,404,2,2509,"",""
67,Madd BlaQue Poscast,"",https://www.youtube.com/channel/UCB7NUs9STlbDB5BGtrZ146g,2,6,25,"",""
68,Dekphee Poscast,"‡∏ä‡πà‡∏≠‡∏á‡∏û‡∏π‡∏î‡∏Ñ‡∏∏‡∏¢‡∏ß‡∏¥‡πÄ‡∏Ñ‡∏£‡∏≤‡∏∞‡∏´‡πå‡∏Å‡πà‡∏≠‡∏ô‡πÅ‡∏Ç‡πà‡∏á‡πÅ‡∏•‡∏∞‡∏´‡∏•‡∏±‡∏á‡πÅ‡∏Ç‡πà‡∏á ‡∏™‡∏≥‡∏´‡∏£‡∏±‡∏ö‡πÅ‡∏ü‡∏ô‡∏ú‡∏µ‡πÇ‡∏î‡∏¢‡πÄ‡∏â‡∏û‡∏≤‡∏∞",https://www.youtube.com/channel/UC7Mb3Z22TBv6EVywdAFgV3A,1,1,10,"",""
69,Un Poscast Menos,"Canal donde subiremos preferencialmente podcast serios sobre la comunidad mexicana de los e-Sports, enfocada en Rocket  League, donde Milo y Lgndary narraran situaciones y/o noticias controversiales sobre este √°mbito",https://www.youtube.com/channel/UCs3mtge4AB9uNUBlHqps_9A,10,1,127,"",""
70,The Banana Boys Poscast,"Group of 3 close friends talking about what‚Äôs on our minds.",https://www.youtube.com/channel/UCbVfh6Q-5z0aEij89OhYDeA,6,1,56,"",""
71,Par De Dos: El Poscast,"El podcast que habla de mucho diciendo poco, tocamos temas de la vidacon base a nuestra experiencia juvenil dandole el toque de una pareja extraordinaria!!!",https://www.youtube.com/channel/UC29GovYUkguWWbroAj4Rx7A,1,1,5,"",""
72,Crown Hoops PoscastÂÜ†ÁØÆ‰ªãÁªç,"È©¨Êù•Ë•ø‰∫ö‰∏≠Êñá NBA Podcast„ÄÇ",https://www.youtube.com/channel/UCTT_TQopSe2iHse8C-qzemQ,9,18,335,"",""
73,Poscast dos Jogos,"ESSE PODCAST E DESTINADO A GAMERS ",https://www.youtube.com/channel/UC3NlfNQnPezntXssoF90sJw,5,1,16,"",""
74,Poscast Adolpho Berezin,"Onde quatro estudantes se re√∫nem e falam sobre assuntos atuais e interessantes sempre com um convidado diferente",https://www.youtube.com/channel/UCzjvuMg1WL2jI0bmtzr_Klw,1,4,59,"",""
75,Jessica‚Äôs Poscast,"THE BEST CHANNEL TO TUNE INTO THE UNDERGROUND. THE BEST SOURCE FOR THE UNDERGROUND.",https://www.youtube.com/channel/UCrxjjNtB_UqyElw_bKo4HfQ,1,2,337,"",""
76,POStalks por POS Potential,"POStalks tiene como objetivo compartir las √∫ltimas tendencias y mejores pr√°cticas en la industria de bienes de consumo y minorista en una serie de podcasts, art√≠culos y entrevistas.

¬°Ponte en contacto con nuestro equipo para unirte a la comunidad y compartir tu historia!
",https://www.youtube.com/channel/UCLGz2auW2mWg7jpu8jfNCSQ,43,70,6189,"",""
77,Los Amigos - Poscast,"omos una manera diferente de expresi√≥n, donde nuestro principal objetivo es que te vuelvas parte de el ‚Äúposcast Los amigos‚Äù.",https://www.youtube.com/channel/UCPDfnnKYbvKuF8ECYtkaQNg,15,6,315,"",""
78,Rompela Poscast,"R√≥mpela Podcast con Isa√≠ Su√°rez. R√≥mpela en tus finanzas, emprendimiento, proyectos y c√≥mo llegar a ser quien quieres ser. Un episodio nuevo cada semana, con experto mentores y amigos de Isa√≠.",https://www.youtube.com/channel/UCJhJcb0__Fdg1xbAFF1H3dQ,9,3,225,"",""
79,The Day ‚Äòn‚Äô Nite Poscast,"",https://www.youtube.com/channel/UCQPW-3wumGi98Bsuho5POQQ,1,1,47,"",""
80,midnight snacks poscast,"In this new podcast, Joe and Gaby look at so many different topics and dissect them from both a male and female perspective! Welcome to the midnight snacks. 

https://linktr.ee/midnightsnacks

Instagram 

Gaby : gabyesteves

joe: _joemaalouf",https://www.youtube.com/channel/UCyIcd5E0vBzwuqpqgYJ6wpA,3,2,37,"","https://linktr.ee/midnightsnacks"
81,Esto no es un poscast.,"Poscast de conversaci√≥n entre dos amigos, para sobrellevar la cuarentena.
Comparini nos cago con el nombre ü§∑üèª‚Äç‚ôÄÔ∏è",https://www.youtube.com/channel/UCZWAKR_MryurTFt3wMHBKfw,5,1,24,"",""
82,Poscast,"Cosi puoi partecipare alla nostra serata letteraria",https://www.youtube.com/channel/UC61d7Gw5kdBcTTClVu_BLNA,11,1,356,"",""
83,El Poscast,"Un podcast semanal donde Mariluz, Poncho y Tony nos har√°n re√≠r a carcajadas con sus p*ndejadas!",https://www.youtube.com/channel/UCmrli8i7lLVreDUKxnFM1tA,7,4,174,"",""
84,Los disc√≠pulos de David POSCAST,"",https://www.youtube.com/channel/UCZipWLSfB5TEcd3d4s7rznw,0,2,14,"",""
85,Holy Poscast,"90s podcast ",https://www.youtube.com/channel/UCo7pYxS25sW5aTUnlOb6VPA,7,2,50,"",""
86,Poscast,"Podcast casual intre 3 prieteni. Uneori si invitati. :)",https://www.youtube.com/channel/UCn8iCAsX9VQbLfSHh0NBPkQ,3,1,28,"",""
87,Poscast,"The Poscast is a pun off the Host's last name  Pos  and the word Podcast. It's been a long time meme in Pos's friend group and I hope you can enjoy it too.",https://www.youtube.com/channel/UCrqtez9odxEGGoYlQEsTUCA,23,7,577,"",""
88,–û–õ–õ –≠–ë–ê–£–¢ | Poscast," –û–õ–õ –≠–ë–ê–£–¢ | –ü–æ–¥–∫–∞—Å—Ç- –∑–¥–µ—Å—å –º—ã –≥–æ–≤–æ—Ä–∏–º –æ–±–æ –≤—Å–µ–º –≤–º–µ—Å—Ç–µ —Å –°–∞–ª—Ç–æ–π. –ò –∑–æ–≤—ë–º –≥–æ—Å—Ç–µ–π –∏ –æ–±—Å—É–∂–¥–∞–µ–º —Å –Ω–∏–º–∏ –æ–±–æ –≤—Å–µ–º(all about).",https://www.youtube.com/channel/UClPKVdu65tYVHYg12AWr6Rw,7,2,47,"",""
89,POScast.de,"Angaben gem√§√ü ¬ß 5 TMG:
Adresse:
POScast UG (haftungsbeschr√§nkt)
Aberthamerstr. 11
89331 Burgau
Gesch√§ftsf√ºhrer: Herbert Streibelt
‚Äã
Kontakt:
Telefon: 040 468 96 44 90
E-Mail: info@poscast.de
‚Äã
Registereintrag:
Eintragung im Handelsregister.
Registergericht: Amtsgericht Memmingen
Registernummer: HRB 16852
‚Äã
Umsatzsteuer ID: DE307021764
‚Äã
Verantwortlich f√ºr journalistisch-redaktionelle Inhalte im Sinne des ¬ß55 Abs. 2 RStV: Herbert Streibelt",https://www.youtube.com/channel/UCj7VyTToi9MLuxTYbjVPIRA,12,13,5427,"info@poscast.de",""
90,La Cebolla Oficial Poscast,"",https://www.youtube.com/channel/UCwnOLT7DsORAwyhpoVewpJQ,1,3,271,"",""
91,The Body Poscast,"Lillian Bustle, a dynamic tri-state burlesque dancer and Liza Poor an actress, mama, and occasional YouTuber team up and discuss all things body positive!",https://www.youtube.com/channel/UCXugIJeoTprl8tnSKkFkvvw,14,3,264,"",""
92,Azzer Poscast,"",https://www.youtube.com/channel/UCsV0uZMT16bNK7qc-pw5i6Q,8,2,86,"",""
93,MR Poscast,"MR PosCast 

HotNews Everyday

Obrolan Ringan Bapak2 di Pos

Please Like, Comment and Subscribe!",https://www.youtube.com/channel/UCKwrACdYFdDgvI9yxUHUgrg,2300,39,3780,"",""
94,Sqwozed Poscast,"",https://www.youtube.com/channel/UChrwcagPb87FJtfgXQu2Cqg,2,4,261,"",""
95,Tibi Poscast,"",https://www.youtube.com/channel/UC7tmazJxPaOYBRFtGw-i9bA,144,3,13625,"",""
96,seiomm,"Canal de Youtube de la SEIOMM, Sociedad Espa√±ola de Investigaci√≥n √ìsea y Metabolismo Mineral.

En este canal podr√° encontrar informaci√≥n sobre la difusi√≥n cient√≠fica de las investigaciones del metabolismo y su repercusi√≥n en la estructura √≥sea del organismo, realizadas en nuestras ponencias y congresos.

Como siempre, nuestra misi√≥n es mejorar la salud y la calidad de vida de la poblaci√≥n desde la perspectiva de las enfermedades metab√≥licas √≥seas y del metabolismo mineral, promocionando su prevenci√≥n y el tratamiento mediante la b√∫squeda de la excelencia en la investigaci√≥n en este campo, as√≠ como en la asistencia a estos problemas cl√≠nicos y facilitar la formaci√≥n de los profesionales involucrados en ella.

Para m√°s informaci√≥n: http://seiomm.org",https://www.youtube.com/channel/UCFLuodRCeMwdCeHDDx6YJsw,82,49,6830,"","http://seiomm.org"
97,Dream Incubator Poscast,"–ü—ä—Ç—è—Ç –∫—ä–º —â–∞—Å—Ç–ª–∏–≤–∏—Ç–µ –ø–æ–Ω–µ–¥–µ–ª–Ω–∏—Ü–∏.
–ü–æ–¥–∫–∞—Å—Ç –∑–∞ –∫–∞—Ä–∏–µ—Ä–Ω–∏—Ç–µ –ø—Ä–æ–º–µ–Ω–∏, –±–∞–ª–∞–Ω—Å—ä—Ç –º–µ–∂–¥—É –∂–∏–≤–æ—Ç –∏ —Ä–∞–±–æ—Ç–∞ –∏ —Ö–æ–±–∏—Ç–∞—Ç–∞ –∫–∞—Ç–æ –ø—Ä–æ—Ñ–µ—Å–∏—è.
",https://www.youtube.com/channel/UC0SEXqsNhaqXnegzsszedww,2,3,9,"",""
98,WEIRD WORLD POSCAST,"Podcast ‡πÄ‡∏•‡πà‡∏≤‡πÄ‡∏£‡∏∑‡πà‡∏≠‡∏á‡πÅ‡∏õ‡∏•‡∏Å ‡πÄ‡∏£‡∏∑‡πà‡∏≠‡∏á‡∏Å‡∏≤‡∏ß ‡πÄ‡∏£‡∏∑‡πà‡∏≠‡∏á‡πÄ‡∏•‡πà‡∏≤‡∏•‡∏∂‡∏Å‡∏•‡∏±‡∏ö Powered By Allterco",https://www.youtube.com/channel/UCleu5I3LdFv-9BCAY7rCqqw,0,2,2,"",""
99,Cortes Poscast,"",https://www.youtube.com/channel/UC3LyNejiuyCb1L5GWWyHH7w,0,2,7,"",""
100,Poscast con Oswaldo,"",https://www.youtube.com/channel/UCk4bq_0SfH27wkfgJ0zrnYQ,35,1,165,"",""
101,poscast da erica,"",https://www.youtube.com/channel/UCtmToZKxZX4XxVLXfJdyo1A,1,1,6,"",""
102,the female mastermind poscast,"This is the YouTube channel for the Spilled Thoughts with Ellallriau podcast. 
Description: Spilled Thoughts with Ellallriau is a podcast hosted by a teen girl called Elle. She talks about her thoughts and whatever she wants, you can call it commentary. Each episode is different with her talking about topics that aren‚Äôt usually talked about or that she finds interesting, ( like social issues or theories)  it is really about her thoughts on any and everything. It‚Äôs a fun place to be.
",https://www.youtube.com/channel/UCH1GT2jtrHXH86hvq0wazpA,2,7,18,"",""
103,Nuestro Poscast,"",https://www.youtube.com/channel/UCwY7V9278jjEGTmCjlLSGvg,39,3,486,"",""
104,Papo Reto Poscast,"",https://www.youtube.com/channel/UCWcfdKze6A5U30F0N9EQtkQ,18,1,59,"",""
105,El Poscast,"Acompa√±anos a conbeber  con nosotros cada semana solo por diversi√≥n. ",https://www.youtube.com/channel/UCw0zswwZTmiuTrwY0phnmZQ,33,12,823,"",""
106,Poscast ,"",https://www.youtube.com/channel/UCOFng9-3WYYiPsTAi7Kpu9Q,2,1,121,"",""
107,El Poscast,"Un podcast de barrio para el barrio donde exponemos cosas de nuestro d√≠a a d√≠a desde una perspectiva peculiar, donde existe el humor, y punto bohemio de los dos conductores.",https://www.youtube.com/channel/UCw_x-6hoo9rAu_eyhLZiH4g,13,2,156,"",""
108,GenZ Poscast,"Ch√∫ng ta c√πng nhau ti·∫øn ƒë·∫øn th√†nh c√¥ng nh√©",https://www.youtube.com/channel/UC7uExHX0142FXNrDBk9ndTQ,0,1,0,"",""
109,CORTSPOD [POSCAST],"Monte seu pr√≥prio negocio online com ajudar da internet.

Acesse o link abaixo e confira 

Link whats:  http://bit.ly/whats-marcos-88",https://www.youtube.com/channel/UCZ4Htb68KZUmB4LVk9ko15w,309,29,474,"","http://bit.ly/whats-marcos-88"
110,El Sports Poscast,"",https://www.youtube.com/channel/UCna_RDzTaAshSKoaSFwYm2w,25,2,188,"",""
111,D√©jate de Hu3v4d@s el Poscast,"",https://www.youtube.com/channel/UCwjLFZ2rccJnLDF4oofBNbA,42,21,1356,"",""
112,Faixas de Poscast,"Canal com as principais faixas de podcast que est√£o sendo realizadas na atualidade.",https://www.youtube.com/channel/UCozhi4CZtbrT_7jqA75rBZA,0,2,3,"",""
113,Cortes de Poscast,"Canal aonde que engloba cortes dos podcast em todo mundo.",https://www.youtube.com/channel/UCmqTh706VXTzvHODMoBo4Ng,0,1,4,"",""
114,Todos los poscast el poscast,"Pr√≥ximamente Todos los poscast el poscast 001 (1 MAYO 2021)


",https://www.youtube.com/channel/UCjQSGfjoX7AyY3jRgJm8XdA,404,2,2509,"",""
115,Madd BlaQue Poscast,"",https://www.youtube.com/channel/UCB7NUs9STlbDB5BGtrZ146g,2,6,25,"",""
116,Dekphee Poscast,"‡∏ä‡πà‡∏≠‡∏á‡∏û‡∏π‡∏î‡∏Ñ‡∏∏‡∏¢‡∏ß‡∏¥‡πÄ‡∏Ñ‡∏£‡∏≤‡∏∞‡∏´‡πå‡∏Å‡πà‡∏≠‡∏ô‡πÅ‡∏Ç‡πà‡∏á‡πÅ‡∏•‡∏∞‡∏´‡∏•‡∏±‡∏á‡πÅ‡∏Ç‡πà‡∏á ‡∏™‡∏≥‡∏´‡∏£‡∏±‡∏ö‡πÅ‡∏ü‡∏ô‡∏ú‡∏µ‡πÇ‡∏î‡∏¢‡πÄ‡∏â‡∏û‡∏≤‡∏∞",https://www.youtube.com/channel/UC7Mb3Z22TBv6EVywdAFgV3A,1,1,10,"",""
117,Un Poscast Menos,"Canal donde subiremos preferencialmente podcast serios sobre la comunidad mexicana de los e-Sports, enfocada en Rocket  League, donde Milo y Lgndary narraran situaciones y/o noticias controversiales sobre este √°mbito",https://www.youtube.com/channel/UCs3mtge4AB9uNUBlHqps_9A,10,1,127,"",""
118,The Banana Boys Poscast,"Group of 3 close friends talking about what‚Äôs on our minds.",https://www.youtube.com/channel/UCbVfh6Q-5z0aEij89OhYDeA,6,1,56,"",""
119,Par De Dos: El Poscast,"El podcast que habla de mucho diciendo poco, tocamos temas de la vidacon base a nuestra experiencia juvenil dandole el toque de una pareja extraordinaria!!!",https://www.youtube.com/channel/UC29GovYUkguWWbroAj4Rx7A,1,1,5,"",""
120,Crown Hoops PoscastÂÜ†ÁØÆ‰ªãÁªç,"È©¨Êù•Ë•ø‰∫ö‰∏≠Êñá NBA Podcast„ÄÇ",https://www.youtube.com/channel/UCTT_TQopSe2iHse8C-qzemQ,9,18,335,"",""
121,Poscast dos Jogos,"ESSE PODCAST E DESTINADO A GAMERS ",https://www.youtube.com/channel/UC3NlfNQnPezntXssoF90sJw,5,1,16,"",""
122,Poscast Adolpho Berezin,"Onde quatro estudantes se re√∫nem e falam sobre assuntos atuais e interessantes sempre com um convidado diferente",https://www.youtube.com/channel/UCzjvuMg1WL2jI0bmtzr_Klw,1,4,59,"",""
123,Jessica‚Äôs Poscast,"THE BEST CHANNEL TO TUNE INTO THE UNDERGROUND. THE BEST SOURCE FOR THE UNDERGROUND.",https://www.youtube.com/channel/UCrxjjNtB_UqyElw_bKo4HfQ,1,2,337,"",""
124,POStalks por POS Potential,"POStalks tiene como objetivo compartir las √∫ltimas tendencias y mejores pr√°cticas en la industria de bienes de consumo y minorista en una serie de podcasts, art√≠culos y entrevistas.

¬°Ponte en contacto con nuestro equipo para unirte a la comunidad y compartir tu historia!
",https://www.youtube.com/channel/UCLGz2auW2mWg7jpu8jfNCSQ,43,70,6189,"",""
125,Los Amigos - Poscast,"omos una manera diferente de expresi√≥n, donde nuestro principal objetivo es que te vuelvas parte de el ‚Äúposcast Los amigos‚Äù.",https://www.youtube.com/channel/UCPDfnnKYbvKuF8ECYtkaQNg,15,6,315,"",""
126,Rompela Poscast,"R√≥mpela Podcast con Isa√≠ Su√°rez. R√≥mpela en tus finanzas, emprendimiento, proyectos y c√≥mo llegar a ser quien quieres ser. Un episodio nuevo cada semana, con experto mentores y amigos de Isa√≠.",https://www.youtube.com/channel/UCJhJcb0__Fdg1xbAFF1H3dQ,9,3,225,"",""
127,The Day ‚Äòn‚Äô Nite Poscast,"",https://www.youtube.com/channel/UCQPW-3wumGi98Bsuho5POQQ,1,1,47,"",""
128,midnight snacks poscast,"In this new podcast, Joe and Gaby look at so many different topics and dissect them from both a male and female perspective! Welcome to the midnight snacks. 

https://linktr.ee/midnightsnacks

Instagram 

Gaby : gabyesteves

joe: _joemaalouf",https://www.youtube.com/channel/UCyIcd5E0vBzwuqpqgYJ6wpA,3,2,37,"","https://linktr.ee/midnightsnacks"
129,Esto no es un poscast.,"Poscast de conversaci√≥n entre dos amigos, para sobrellevar la cuarentena.
Comparini nos cago con el nombre ü§∑üèª‚Äç‚ôÄÔ∏è",https://www.youtube.com/channel/UCZWAKR_MryurTFt3wMHBKfw,5,1,24,"",""
130,Poscast,"Cosi puoi partecipare alla nostra serata letteraria",https://www.youtube.com/channel/UC61d7Gw5kdBcTTClVu_BLNA,11,1,356,"",""
131,El Poscast,"Un podcast semanal donde Mariluz, Poncho y Tony nos har√°n re√≠r a carcajadas con sus p*ndejadas!",https://www.youtube.com/channel/UCmrli8i7lLVreDUKxnFM1tA,7,4,174,"",""
132,Los disc√≠pulos de David POSCAST,"",https://www.youtube.com/channel/UCZipWLSfB5TEcd3d4s7rznw,0,2,14,"",""
133,Holy Poscast,"90s podcast ",https://www.youtube.com/channel/UCo7pYxS25sW5aTUnlOb6VPA,7,2,50,"",""
134,Poscast,"Podcast casual intre 3 prieteni. Uneori si invitati. :)",https://www.youtube.com/channel/UCn8iCAsX9VQbLfSHh0NBPkQ,3,1,28,"",""
135,Poscast,"The Poscast is a pun off the Host's last name  Pos  and the word Podcast. It's been a long time meme in Pos's friend group and I hope you can enjoy it too.",https://www.youtube.com/channel/UCrqtez9odxEGGoYlQEsTUCA,23,7,577,"",""
136,–û–õ–õ –≠–ë–ê–£–¢ | Poscast," –û–õ–õ –≠–ë–ê–£–¢ | –ü–æ–¥–∫–∞—Å—Ç- –∑–¥–µ—Å—å –º—ã –≥–æ–≤–æ—Ä–∏–º –æ–±–æ –≤—Å–µ–º –≤–º–µ—Å—Ç–µ —Å –°–∞–ª—Ç–æ–π. –ò –∑–æ–≤—ë–º –≥–æ—Å—Ç–µ–π –∏ –æ–±—Å—É–∂–¥–∞–µ–º —Å –Ω–∏–º–∏ –æ–±–æ –≤—Å–µ–º(all about).",https://www.youtube.com/channel/UClPKVdu65tYVHYg12AWr6Rw,7,2,47,"",""
137,POScast.de,"Angaben gem√§√ü ¬ß 5 TMG:
Adresse:
POScast UG (haftungsbeschr√§nkt)
Aberthamerstr. 11
89331 Burgau
Gesch√§ftsf√ºhrer: Herbert Streibelt
‚Äã
Kontakt:
Telefon: 040 468 96 44 90
E-Mail: info@poscast.de
‚Äã
Registereintrag:
Eintragung im Handelsregister.
Registergericht: Amtsgericht Memmingen
Registernummer: HRB 16852
‚Äã
Umsatzsteuer ID: DE307021764
‚Äã
Verantwortlich f√ºr journalistisch-redaktionelle Inhalte im Sinne des ¬ß55 Abs. 2 RStV: Herbert Streibelt",https://www.youtube.com/channel/UCj7VyTToi9MLuxTYbjVPIRA,12,13,5427,"info@poscast.de",""
138,La Cebolla Oficial Poscast,"",https://www.youtube.com/channel/UCwnOLT7DsORAwyhpoVewpJQ,1,3,271,"",""
139,The Body Poscast,"Lillian Bustle, a dynamic tri-state burlesque dancer and Liza Poor an actress, mama, and occasional YouTuber team up and discuss all things body positive!",https://www.youtube.com/channel/UCXugIJeoTprl8tnSKkFkvvw,14,3,264,"",""
140,Azzer Poscast,"",https://www.youtube.com/channel/UCsV0uZMT16bNK7qc-pw5i6Q,8,2,86,"",""
141,MR Poscast,"MR PosCast 

HotNews Everyday

Obrolan Ringan Bapak2 di Pos

Please Like, Comment and Subscribe!",https://www.youtube.com/channel/UCKwrACdYFdDgvI9yxUHUgrg,2300,39,3780,"",""
142,Sqwozed Poscast,"",https://www.youtube.com/channel/UChrwcagPb87FJtfgXQu2Cqg,2,4,261,"",""
143,Tibi Poscast,"",https://www.youtube.com/channel/UC7tmazJxPaOYBRFtGw-i9bA,144,3,13625,"",""
144,seiomm,"Canal de Youtube de la SEIOMM, Sociedad Espa√±ola de Investigaci√≥n √ìsea y Metabolismo Mineral.

En este canal podr√° encontrar informaci√≥n sobre la difusi√≥n cient√≠fica de las investigaciones del metabolismo y su repercusi√≥n en la estructura √≥sea del organismo, realizadas en nuestras ponencias y congresos.

Como siempre, nuestra misi√≥n es mejorar la salud y la calidad de vida de la poblaci√≥n desde la perspectiva de las enfermedades metab√≥licas √≥seas y del metabolismo mineral, promocionando su prevenci√≥n y el tratamiento mediante la b√∫squeda de la excelencia en la investigaci√≥n en este campo, as√≠ como en la asistencia a estos problemas cl√≠nicos y facilitar la formaci√≥n de los profesionales involucrados en ella.

Para m√°s informaci√≥n: http://seiomm.org",https://www.youtube.com/channel/UCFLuodRCeMwdCeHDDx6YJsw,82,49,6830,"","http://seiomm.org"
145,Dream Incubator Poscast,"–ü—ä—Ç—è—Ç –∫—ä–º —â–∞—Å—Ç–ª–∏–≤–∏—Ç–µ –ø–æ–Ω–µ–¥–µ–ª–Ω–∏—Ü–∏.
–ü–æ–¥–∫–∞—Å—Ç –∑–∞ –∫–∞—Ä–∏–µ—Ä–Ω–∏—Ç–µ –ø—Ä–æ–º–µ–Ω–∏, –±–∞–ª–∞–Ω—Å—ä—Ç –º–µ–∂–¥—É –∂–∏–≤–æ—Ç –∏ —Ä–∞–±–æ—Ç–∞ –∏ —Ö–æ–±–∏—Ç–∞—Ç–∞ –∫–∞—Ç–æ –ø—Ä–æ—Ñ–µ—Å–∏—è.
",https://www.youtube.com/channel/UC0SEXqsNhaqXnegzsszedww,2,3,9,"",""
146,WEIRD WORLD POSCAST,"Podcast ‡πÄ‡∏•‡πà‡∏≤‡πÄ‡∏£‡∏∑‡πà‡∏≠‡∏á‡πÅ‡∏õ‡∏•‡∏Å ‡πÄ‡∏£‡∏∑‡πà‡∏≠‡∏á‡∏Å‡∏≤‡∏ß ‡πÄ‡∏£‡∏∑‡πà‡∏≠‡∏á‡πÄ‡∏•‡πà‡∏≤‡∏•‡∏∂‡∏Å‡∏•‡∏±‡∏ö Powered By Allterco",https://www.youtube.com/channel/UCleu5I3LdFv-9BCAY7rCqqw,0,2,2,"",""
147,Cortes Poscast,"",https://www.youtube.com/channel/UC3LyNejiuyCb1L5GWWyHH7w,0,2,7,"",""
148,Poscast con Oswaldo,"",https://www.youtube.com/channel/UCk4bq_0SfH27wkfgJ0zrnYQ,35,1,165,"",""
149,poscast da erica,"",https://www.youtube.com/channel/UCtmToZKxZX4XxVLXfJdyo1A,1,1,6,"",""
150,the female mastermind poscast,"This is the YouTube channel for the Spilled Thoughts with Ellallriau podcast. 
Description: Spilled Thoughts with Ellallriau is a podcast hosted by a teen girl called Elle. She talks about her thoughts and whatever she wants, you can call it commentary. Each episode is different with her talking about topics that aren‚Äôt usually talked about or that she finds interesting, ( like social issues or theories)  it is really about her thoughts on any and everything. It‚Äôs a fun place to be.
",https://www.youtube.com/channel/UCH1GT2jtrHXH86hvq0wazpA,2,7,18,"",""
151,Nuestro Poscast,"",https://www.youtube.com/channel/UCwY7V9278jjEGTmCjlLSGvg,39,3,486,"",""
152,Papo Reto Poscast,"",https://www.youtube.com/channel/UCWcfdKze6A5U30F0N9EQtkQ,18,1,59,"",""
153,El Poscast,"Acompa√±anos a conbeber  con nosotros cada semana solo por diversi√≥n. ",https://www.youtube.com/channel/UCw0zswwZTmiuTrwY0phnmZQ,33,12,823,"",""
154,Poscast ,"",https://www.youtube.com/channel/UCOFng9-3WYYiPsTAi7Kpu9Q,2,1,121,"",""
155,El Poscast,"Un podcast de barrio para el barrio donde exponemos cosas de nuestro d√≠a a d√≠a desde una perspectiva peculiar, donde existe el humor, y punto bohemio de los dos conductores.",https://www.youtube.com/channel/UCw_x-6hoo9rAu_eyhLZiH4g,13,2,156,"",""
156,GenZ Poscast,"Ch√∫ng ta c√πng nhau ti·∫øn ƒë·∫øn th√†nh c√¥ng nh√©",https://www.youtube.com/channel/UC7uExHX0142FXNrDBk9ndTQ,0,1,0,"",""
157,CORTSPOD [POSCAST],"Monte seu pr√≥prio negocio online com ajudar da internet.

Acesse o link abaixo e confira 

Link whats:  http://bit.ly/whats-marcos-88",https://www.youtube.com/channel/UCZ4Htb68KZUmB4LVk9ko15w,309,29,474,"","http://bit.ly/whats-marcos-88"
158,El Sports Poscast,"",https://www.youtube.com/channel/UCna_RDzTaAshSKoaSFwYm2w,25,2,188,"",""
159,D√©jate de Hu3v4d@s el Poscast,"",https://www.youtube.com/channel/UCwjLFZ2rccJnLDF4oofBNbA,42,21,1356,"",""
160,Faixas de Poscast,"Canal com as principais faixas de podcast que est√£o sendo realizadas na atualidade.",https://www.youtube.com/channel/UCozhi4CZtbrT_7jqA75rBZA,0,2,3,"",""
161,Cortes de Poscast,"Canal aonde que engloba cortes dos podcast em todo mundo.",https://www.youtube.com/channel/UCmqTh706VXTzvHODMoBo4Ng,0,1,4,"",""
162,Todos los poscast el poscast,"Pr√≥ximamente Todos los poscast el poscast 001 (1 MAYO 2021)


",https://www.youtube.com/channel/UCjQSGfjoX7AyY3jRgJm8XdA,404,2,2509,"",""
163,Madd BlaQue Poscast,"",https://www.youtube.com/channel/UCB7NUs9STlbDB5BGtrZ146g,2,6,25,"",""
164,Dekphee Poscast,"‡∏ä‡πà‡∏≠‡∏á‡∏û‡∏π‡∏î‡∏Ñ‡∏∏‡∏¢‡∏ß‡∏¥‡πÄ‡∏Ñ‡∏£‡∏≤‡∏∞‡∏´‡πå‡∏Å‡πà‡∏≠‡∏ô‡πÅ‡∏Ç‡πà‡∏á‡πÅ‡∏•‡∏∞‡∏´‡∏•‡∏±‡∏á‡πÅ‡∏Ç‡πà‡∏á ‡∏™‡∏≥‡∏´‡∏£‡∏±‡∏ö‡πÅ‡∏ü‡∏ô‡∏ú‡∏µ‡πÇ‡∏î‡∏¢‡πÄ‡∏â‡∏û‡∏≤‡∏∞",https://www.youtube.com/channel/UC7Mb3Z22TBv6EVywdAFgV3A,1,1,10,"",""
165,Un Poscast Menos,"Canal donde subiremos preferencialmente podcast serios sobre la comunidad mexicana de los e-Sports, enfocada en Rocket  League, donde Milo y Lgndary narraran situaciones y/o noticias controversiales sobre este √°mbito",https://www.youtube.com/channel/UCs3mtge4AB9uNUBlHqps_9A,10,1,127,"",""
166,The Banana Boys Poscast,"Group of 3 close friends talking about what‚Äôs on our minds.",https://www.youtube.com/channel/UCbVfh6Q-5z0aEij89OhYDeA,6,1,56,"",""
167,Par De Dos: El Poscast,"El podcast que habla de mucho diciendo poco, tocamos temas de la vidacon base a nuestra experiencia juvenil dandole el toque de una pareja extraordinaria!!!",https://www.youtube.com/channel/UC29GovYUkguWWbroAj4Rx7A,1,1,5,"",""
168,Crown Hoops PoscastÂÜ†ÁØÆ‰ªãÁªç,"È©¨Êù•Ë•ø‰∫ö‰∏≠Êñá NBA Podcast„ÄÇ",https://www.youtube.com/channel/UCTT_TQopSe2iHse8C-qzemQ,9,18,335,"",""
169,Poscast dos Jogos,"ESSE PODCAST E DESTINADO A GAMERS ",https://www.youtube.com/channel/UC3NlfNQnPezntXssoF90sJw,5,1,16,"",""
170,Poscast Adolpho Berezin,"Onde quatro estudantes se re√∫nem e falam sobre assuntos atuais e interessantes sempre com um convidado diferente",https://www.youtube.com/channel/UCzjvuMg1WL2jI0bmtzr_Klw,1,4,59,"",""
171,Jessica‚Äôs Poscast,"THE BEST CHANNEL TO TUNE INTO THE UNDERGROUND. THE BEST SOURCE FOR THE UNDERGROUND.",https://www.youtube.com/channel/UCrxjjNtB_UqyElw_bKo4HfQ,1,2,337,"",""
172,POStalks por POS Potential,"POStalks tiene como objetivo compartir las √∫ltimas tendencias y mejores pr√°cticas en la industria de bienes de consumo y minorista en una serie de podcasts, art√≠culos y entrevistas.

¬°Ponte en contacto con nuestro equipo para unirte a la comunidad y compartir tu historia!
",https://www.youtube.com/channel/UCLGz2auW2mWg7jpu8jfNCSQ,43,70,6189,"",""
173,Los Amigos - Poscast,"omos una manera diferente de expresi√≥n, donde nuestro principal objetivo es que te vuelvas parte de el ‚Äúposcast Los amigos‚Äù.",https://www.youtube.com/channel/UCPDfnnKYbvKuF8ECYtkaQNg,15,6,315,"",""
174,Rompela Poscast,"R√≥mpela Podcast con Isa√≠ Su√°rez. R√≥mpela en tus finanzas, emprendimiento, proyectos y c√≥mo llegar a ser quien quieres ser. Un episodio nuevo cada semana, con experto mentores y amigos de Isa√≠.",https://www.youtube.com/channel/UCJhJcb0__Fdg1xbAFF1H3dQ,9,3,225,"",""
175,The Day ‚Äòn‚Äô Nite Poscast,"",https://www.youtube.com/channel/UCQPW-3wumGi98Bsuho5POQQ,1,1,47,"",""
176,midnight snacks poscast,"In this new podcast, Joe and Gaby look at so many different topics and dissect them from both a male and female perspective! Welcome to the midnight snacks. 

https://linktr.ee/midnightsnacks

Instagram 

Gaby : gabyesteves

joe: _joemaalouf",https://www.youtube.com/channel/UCyIcd5E0vBzwuqpqgYJ6wpA,3,2,37,"","https://linktr.ee/midnightsnacks"
177,Esto no es un poscast.,"Poscast de conversaci√≥n entre dos amigos, para sobrellevar la cuarentena.
Comparini nos cago con el nombre ü§∑üèª‚Äç‚ôÄÔ∏è",https://www.youtube.com/channel/UCZWAKR_MryurTFt3wMHBKfw,5,1,24,"",""
178,Poscast,"Cosi puoi partecipare alla nostra serata letteraria",https://www.youtube.com/channel/UC61d7Gw5kdBcTTClVu_BLNA,11,1,356,"",""
179,El Poscast,"Un podcast semanal donde Mariluz, Poncho y Tony nos har√°n re√≠r a carcajadas con sus p*ndejadas!",https://www.youtube.com/channel/UCmrli8i7lLVreDUKxnFM1tA,7,4,174,"",""
180,Los disc√≠pulos de David POSCAST,"",https://www.youtube.com/channel/UCZipWLSfB5TEcd3d4s7rznw,0,2,14,"",""
181,Holy Poscast,"90s podcast ",https://www.youtube.com/channel/UCo7pYxS25sW5aTUnlOb6VPA,7,2,50,"",""
182,Poscast,"Podcast casual intre 3 prieteni. Uneori si invitati. :)",https://www.youtube.com/channel/UCn8iCAsX9VQbLfSHh0NBPkQ,3,1,28,"",""
183,Poscast,"The Poscast is a pun off the Host's last name  Pos  and the word Podcast. It's been a long time meme in Pos's friend group and I hope you can enjoy it too.",https://www.youtube.com/channel/UCrqtez9odxEGGoYlQEsTUCA,23,7,577,"",""
184,–û–õ–õ –≠–ë–ê–£–¢ | Poscast," –û–õ–õ –≠–ë–ê–£–¢ | –ü–æ–¥–∫–∞—Å—Ç- –∑–¥–µ—Å—å –º—ã –≥–æ–≤–æ—Ä–∏–º –æ–±–æ –≤—Å–µ–º –≤–º–µ—Å—Ç–µ —Å –°–∞–ª—Ç–æ–π. –ò –∑–æ–≤—ë–º –≥–æ—Å—Ç–µ–π –∏ –æ–±—Å—É–∂–¥–∞–µ–º —Å –Ω–∏–º–∏ –æ–±–æ –≤—Å–µ–º(all about).",https://www.youtube.com/channel/UClPKVdu65tYVHYg12AWr6Rw,7,2,47,"",""
185,POScast.de,"Angaben gem√§√ü ¬ß 5 TMG:
Adresse:
POScast UG (haftungsbeschr√§nkt)
Aberthamerstr. 11
89331 Burgau
Gesch√§ftsf√ºhrer: Herbert Streibelt
‚Äã
Kontakt:
Telefon: 040 468 96 44 90
E-Mail: info@poscast.de
‚Äã
Registereintrag:
Eintragung im Handelsregister.
Registergericht: Amtsgericht Memmingen
Registernummer: HRB 16852
‚Äã
Umsatzsteuer ID: DE307021764
‚Äã
Verantwortlich f√ºr journalistisch-redaktionelle Inhalte im Sinne des ¬ß55 Abs. 2 RStV: Herbert Streibelt",https://www.youtube.com/channel/UCj7VyTToi9MLuxTYbjVPIRA,12,13,5427,"info@poscast.de",""
186,La Cebolla Oficial Poscast,"",https://www.youtube.com/channel/UCwnOLT7DsORAwyhpoVewpJQ,1,3,271,"",""
187,The Body Poscast,"Lillian Bustle, a dynamic tri-state burlesque dancer and Liza Poor an actress, mama, and occasional YouTuber team up and discuss all things body positive!",https://www.youtube.com/channel/UCXugIJeoTprl8tnSKkFkvvw,14,3,264,"",""
188,Azzer Poscast,"",https://www.youtube.com/channel/UCsV0uZMT16bNK7qc-pw5i6Q,8,2,86,"",""
189,MR Poscast,"MR PosCast 

HotNews Everyday

Obrolan Ringan Bapak2 di Pos

Please Like, Comment and Subscribe!",https://www.youtube.com/channel/UCKwrACdYFdDgvI9yxUHUgrg,2300,39,3780,"",""
190,Sqwozed Poscast,"",https://www.youtube.com/channel/UChrwcagPb87FJtfgXQu2Cqg,2,4,261,"",""
191,Tibi Poscast,"",https://www.youtube.com/channel/UC7tmazJxPaOYBRFtGw-i9bA,144,3,13625,"",""
192,seiomm,"Canal de Youtube de la SEIOMM, Sociedad Espa√±ola de Investigaci√≥n √ìsea y Metabolismo Mineral.

En este canal podr√° encontrar informaci√≥n sobre la difusi√≥n cient√≠fica de las investigaciones del metabolismo y su repercusi√≥n en la estructura √≥sea del organismo, realizadas en nuestras ponencias y congresos.

Como siempre, nuestra misi√≥n es mejorar la salud y la calidad de vida de la poblaci√≥n desde la perspectiva de las enfermedades metab√≥licas √≥seas y del metabolismo mineral, promocionando su prevenci√≥n y el tratamiento mediante la b√∫squeda de la excelencia en la investigaci√≥n en este campo, as√≠ como en la asistencia a estos problemas cl√≠nicos y facilitar la formaci√≥n de los profesionales involucrados en ella.

Para m√°s informaci√≥n: http://seiomm.org",https://www.youtube.com/channel/UCFLuodRCeMwdCeHDDx6YJsw,82,49,6830,"","http://seiomm.org"
193,Dream Incubator Poscast,"–ü—ä—Ç—è—Ç –∫—ä–º —â–∞—Å—Ç–ª–∏–≤–∏—Ç–µ –ø–æ–Ω–µ–¥–µ–ª–Ω–∏—Ü–∏.
–ü–æ–¥–∫–∞—Å—Ç –∑–∞ –∫–∞—Ä–∏–µ—Ä–Ω–∏—Ç–µ –ø—Ä–æ–º–µ–Ω–∏, –±–∞–ª–∞–Ω—Å—ä—Ç –º–µ–∂–¥—É –∂–∏–≤–æ—Ç –∏ —Ä–∞–±–æ—Ç–∞ –∏ —Ö–æ–±–∏—Ç–∞—Ç–∞ –∫–∞—Ç–æ –ø—Ä–æ—Ñ–µ—Å–∏—è.
",https://www.youtube.com/channel/UC0SEXqsNhaqXnegzsszedww,2,3,9,"",""
194,WEIRD WORLD POSCAST,"Podcast ‡πÄ‡∏•‡πà‡∏≤‡πÄ‡∏£‡∏∑‡πà‡∏≠‡∏á‡πÅ‡∏õ‡∏•‡∏Å ‡πÄ‡∏£‡∏∑‡πà‡∏≠‡∏á‡∏Å‡∏≤‡∏ß ‡πÄ‡∏£‡∏∑‡πà‡∏≠‡∏á‡πÄ‡∏•‡πà‡∏≤‡∏•‡∏∂‡∏Å‡∏•‡∏±‡∏ö Powered By Allterco",https://www.youtube.com/channel/UCleu5I3LdFv-9BCAY7rCqqw,0,2,2,"",""
195,Cortes Poscast,"",https://www.youtube.com/channel/UC3LyNejiuyCb1L5GWWyHH7w,0,2,7,"",""
196,Poscast con Oswaldo,"",https://www.youtube.com/channel/UCk4bq_0SfH27wkfgJ0zrnYQ,35,1,165,"",""
197,poscast da erica,"",https://www.youtube.com/channel/UCtmToZKxZX4XxVLXfJdyo1A,1,1,6,"",""
198,the female mastermind poscast,"This is the YouTube channel for the Spilled Thoughts with Ellallriau podcast. 
Description: Spilled Thoughts with Ellallriau is a podcast hosted by a teen girl called Elle. She talks about her thoughts and whatever she wants, you can call it commentary. Each episode is different with her talking about topics that aren‚Äôt usually talked about or that she finds interesting, ( like social issues or theories)  it is really about her thoughts on any and everything. It‚Äôs a fun place to be.
",https://www.youtube.com/channel/UCH1GT2jtrHXH86hvq0wazpA,2,7,18,"",""
199,Nuestro Poscast,"",https://www.youtube.com/channel/UCwY7V9278jjEGTmCjlLSGvg,39,3,486,"",""
200,Papo Reto Poscast,"",https://www.youtube.com/channel/UCWcfdKze6A5U30F0N9EQtkQ,18,1,59,"",""
201,El Poscast,"Acompa√±anos a conbeber  con nosotros cada semana solo por diversi√≥n. ",https://www.youtube.com/channel/UCw0zswwZTmiuTrwY0phnmZQ,33,12,823,"",""
202,Poscast ,"",https://www.youtube.com/channel/UCOFng9-3WYYiPsTAi7Kpu9Q,2,1,121,"",""
203,El Poscast,"Un podcast de barrio para el barrio donde exponemos cosas de nuestro d√≠a a d√≠a desde una perspectiva peculiar, donde existe el humor, y punto bohemio de los dos conductores.",https://www.youtube.com/channel/UCw_x-6hoo9rAu_eyhLZiH4g,13,2,156,"",""
204,GenZ Poscast,"Ch√∫ng ta c√πng nhau ti·∫øn ƒë·∫øn th√†nh c√¥ng nh√©",https://www.youtube.com/channel/UC7uExHX0142FXNrDBk9ndTQ,0,1,0,"",""
205,CORTSPOD [POSCAST],"Monte seu pr√≥prio negocio online com ajudar da internet.

Acesse o link abaixo e confira 

Link whats:  http://bit.ly/whats-marcos-88",https://www.youtube.com/channel/UCZ4Htb68KZUmB4LVk9ko15w,309,29,474,"","http://bit.ly/whats-marcos-88"
206,El Sports Poscast,"",https://www.youtube.com/channel/UCna_RDzTaAshSKoaSFwYm2w,25,2,188,"",""
207,D√©jate de Hu3v4d@s el Poscast,"",https://www.youtube.com/channel/UCwjLFZ2rccJnLDF4oofBNbA,42,21,1356,"",""
208,Faixas de Poscast,"Canal com as principais faixas de podcast que est√£o sendo realizadas na atualidade.",https://www.youtube.com/channel/UCozhi4CZtbrT_7jqA75rBZA,0,2,3,"",""
209,Cortes de Poscast,"Canal aonde que engloba cortes dos podcast em todo mundo.",https://www.youtube.com/channel/UCmqTh706VXTzvHODMoBo4Ng,0,1,4,"",""
210,Todos los poscast el poscast,"Pr√≥ximamente Todos los poscast el poscast 001 (1 MAYO 2021)


",https://www.youtube.com/channel/UCjQSGfjoX7AyY3jRgJm8XdA,404,2,2509,"",""
211,Madd BlaQue Poscast,"",https://www.youtube.com/channel/UCB7NUs9STlbDB5BGtrZ146g,2,6,25,"",""
212,Dekphee Poscast,"‡∏ä‡πà‡∏≠‡∏á‡∏û‡∏π‡∏î‡∏Ñ‡∏∏‡∏¢‡∏ß‡∏¥‡πÄ‡∏Ñ‡∏£‡∏≤‡∏∞‡∏´‡πå‡∏Å‡πà‡∏≠‡∏ô‡πÅ‡∏Ç‡πà‡∏á‡πÅ‡∏•‡∏∞‡∏´‡∏•‡∏±‡∏á‡πÅ‡∏Ç‡πà‡∏á ‡∏™‡∏≥‡∏´‡∏£‡∏±‡∏ö‡πÅ‡∏ü‡∏ô‡∏ú‡∏µ‡πÇ‡∏î‡∏¢‡πÄ‡∏â‡∏û‡∏≤‡∏∞",https://www.youtube.com/channel/UC7Mb3Z22TBv6EVywdAFgV3A,1,1,10,"",""
213,Un Poscast Menos,"Canal donde subiremos preferencialmente podcast serios sobre la comunidad mexicana de los e-Sports, enfocada en Rocket  League, donde Milo y Lgndary narraran situaciones y/o noticias controversiales sobre este √°mbito",https://www.youtube.com/channel/UCs3mtge4AB9uNUBlHqps_9A,10,1,127,"",""
214,The Banana Boys Poscast,"Group of 3 close friends talking about what‚Äôs on our minds.",https://www.youtube.com/channel/UCbVfh6Q-5z0aEij89OhYDeA,6,1,56,"",""
215,Par De Dos: El Poscast,"El podcast que habla de mucho diciendo poco, tocamos temas de la vidacon base a nuestra experiencia juvenil dandole el toque de una pareja extraordinaria!!!",https://www.youtube.com/channel/UC29GovYUkguWWbroAj4Rx7A,1,1,5,"",""
216,Crown Hoops PoscastÂÜ†ÁØÆ‰ªãÁªç,"È©¨Êù•Ë•ø‰∫ö‰∏≠Êñá NBA Podcast„ÄÇ",https://www.youtube.com/channel/UCTT_TQopSe2iHse8C-qzemQ,9,18,335,"",""
217,Poscast dos Jogos,"ESSE PODCAST E DESTINADO A GAMERS ",https://www.youtube.com/channel/UC3NlfNQnPezntXssoF90sJw,5,1,16,"",""
218,Poscast Adolpho Berezin,"Onde quatro estudantes se re√∫nem e falam sobre assuntos atuais e interessantes sempre com um convidado diferente",https://www.youtube.com/channel/UCzjvuMg1WL2jI0bmtzr_Klw,1,4,59,"",""
219,Jessica‚Äôs Poscast,"THE BEST CHANNEL TO TUNE INTO THE UNDERGROUND. THE BEST SOURCE FOR THE UNDERGROUND.",https://www.youtube.com/channel/UCrxjjNtB_UqyElw_bKo4HfQ,1,2,337,"",""
220,POStalks por POS Potential,"POStalks tiene como objetivo compartir las √∫ltimas tendencias y mejores pr√°cticas en la industria de bienes de consumo y minorista en una serie de podcasts, art√≠culos y entrevistas.

¬°Ponte en contacto con nuestro equipo para unirte a la comunidad y compartir tu historia!
",https://www.youtube.com/channel/UCLGz2auW2mWg7jpu8jfNCSQ,43,70,6189,"",""
221,Los Amigos - Poscast,"omos una manera diferente de expresi√≥n, donde nuestro principal objetivo es que te vuelvas parte de el ‚Äúposcast Los amigos‚Äù.",https://www.youtube.com/channel/UCPDfnnKYbvKuF8ECYtkaQNg,15,6,315,"",""
222,Rompela Poscast,"R√≥mpela Podcast con Isa√≠ Su√°rez. R√≥mpela en tus finanzas, emprendimiento, proyectos y c√≥mo llegar a ser quien quieres ser. Un episodio nuevo cada semana, con experto mentores y amigos de Isa√≠.",https://www.youtube.com/channel/UCJhJcb0__Fdg1xbAFF1H3dQ,9,3,225,"",""
223,The Day ‚Äòn‚Äô Nite Poscast,"",https://www.youtube.com/channel/UCQPW-3wumGi98Bsuho5POQQ,1,1,47,"",""
224,midnight snacks poscast,"In this new podcast, Joe and Gaby look at so many different topics and dissect them from both a male and female perspective! Welcome to the midnight snacks. 

https://linktr.ee/midnightsnacks

Instagram 

Gaby : gabyesteves

joe: _joemaalouf",https://www.youtube.com/channel/UCyIcd5E0vBzwuqpqgYJ6wpA,3,2,37,"","https://linktr.ee/midnightsnacks"
225,Esto no es un poscast.,"Poscast de conversaci√≥n entre dos amigos, para sobrellevar la cuarentena.
Comparini nos cago con el nombre ü§∑üèª‚Äç‚ôÄÔ∏è",https://www.youtube.com/channel/UCZWAKR_MryurTFt3wMHBKfw,5,1,24,"",""
226,Poscast,"Cosi puoi partecipare alla nostra serata letteraria",https://www.youtube.com/channel/UC61d7Gw5kdBcTTClVu_BLNA,11,1,356,"",""
227,El Poscast,"Un podcast semanal donde Mariluz, Poncho y Tony nos har√°n re√≠r a carcajadas con sus p*ndejadas!",https://www.youtube.com/channel/UCmrli8i7lLVreDUKxnFM1tA,7,4,174,"",""
228,Los disc√≠pulos de David POSCAST,"",https://www.youtube.com/channel/UCZipWLSfB5TEcd3d4s7rznw,0,2,14,"",""
229,Holy Poscast,"90s podcast ",https://www.youtube.com/channel/UCo7pYxS25sW5aTUnlOb6VPA,7,2,50,"",""
230,Poscast,"Podcast casual intre 3 prieteni. Uneori si invitati. :)",https://www.youtube.com/channel/UCn8iCAsX9VQbLfSHh0NBPkQ,3,1,28,"",""
231,Poscast,"The Poscast is a pun off the Host's last name  Pos  and the word Podcast. It's been a long time meme in Pos's friend group and I hope you can enjoy it too.",https://www.youtube.com/channel/UCrqtez9odxEGGoYlQEsTUCA,23,7,577,"",""
232,–û–õ–õ –≠–ë–ê–£–¢ | Poscast," –û–õ–õ –≠–ë–ê–£–¢ | –ü–æ–¥–∫–∞—Å—Ç- –∑–¥–µ—Å—å –º—ã –≥–æ–≤–æ—Ä–∏–º –æ–±–æ –≤—Å–µ–º –≤–º–µ—Å—Ç–µ —Å –°–∞–ª—Ç–æ–π. –ò –∑–æ–≤—ë–º –≥–æ—Å—Ç–µ–π –∏ –æ–±—Å—É–∂–¥–∞–µ–º —Å –Ω–∏–º–∏ –æ–±–æ –≤—Å–µ–º(all about).",https://www.youtube.com/channel/UClPKVdu65tYVHYg12AWr6Rw,7,2,47,"",""
233,POScast.de,"Angaben gem√§√ü ¬ß 5 TMG:
Adresse:
POScast UG (haftungsbeschr√§nkt)
Aberthamerstr. 11
89331 Burgau
Gesch√§ftsf√ºhrer: Herbert Streibelt
‚Äã
Kontakt:
Telefon: 040 468 96 44 90
E-Mail: info@poscast.de
‚Äã
Registereintrag:
Eintragung im Handelsregister.
Registergericht: Amtsgericht Memmingen
Registernummer: HRB 16852
‚Äã
Umsatzsteuer ID: DE307021764
‚Äã
Verantwortlich f√ºr journalistisch-redaktionelle Inhalte im Sinne des ¬ß55 Abs. 2 RStV: Herbert Streibelt",https://www.youtube.com/channel/UCj7VyTToi9MLuxTYbjVPIRA,12,13,5427,"info@poscast.de",""
234,La Cebolla Oficial Poscast,"",https://www.youtube.com/channel/UCwnOLT7DsORAwyhpoVewpJQ,1,3,271,"",""
235,The Body Poscast,"Lillian Bustle, a dynamic tri-state burlesque dancer and Liza Poor an actress, mama, and occasional YouTuber team up and discuss all things body positive!",https://www.youtube.com/channel/UCXugIJeoTprl8tnSKkFkvvw,14,3,264,"",""
236,Azzer Poscast,"",https://www.youtube.com/channel/UCsV0uZMT16bNK7qc-pw5i6Q,8,2,86,"",""
237,MR Poscast,"MR PosCast 

HotNews Everyday

Obrolan Ringan Bapak2 di Pos

Please Like, Comment and Subscribe!",https://www.youtube.com/channel/UCKwrACdYFdDgvI9yxUHUgrg,2300,39,3780,"",""
238,Sqwozed Poscast,"",https://www.youtube.com/channel/UChrwcagPb87FJtfgXQu2Cqg,2,4,261,"",""
239,Tibi Poscast,"",https://www.youtube.com/channel/UC7tmazJxPaOYBRFtGw-i9bA,144,3,13625,"",""
240,seiomm,"Canal de Youtube de la SEIOMM, Sociedad Espa√±ola de Investigaci√≥n √ìsea y Metabolismo Mineral.

En este canal podr√° encontrar informaci√≥n sobre la difusi√≥n cient√≠fica de las investigaciones del metabolismo y su repercusi√≥n en la estructura √≥sea del organismo, realizadas en nuestras ponencias y congresos.

Como siempre, nuestra misi√≥n es mejorar la salud y la calidad de vida de la poblaci√≥n desde la perspectiva de las enfermedades metab√≥licas √≥seas y del metabolismo mineral, promocionando su prevenci√≥n y el tratamiento mediante la b√∫squeda de la excelencia en la investigaci√≥n en este campo, as√≠ como en la asistencia a estos problemas cl√≠nicos y facilitar la formaci√≥n de los profesionales involucrados en ella.

Para m√°s informaci√≥n: http://seiomm.org",https://www.youtube.com/channel/UCFLuodRCeMwdCeHDDx6YJsw,82,49,6830,"","http://seiomm.org"
